numClass,h,Feature,Graph Name,Model Args,Train Epoch,Test Acc,Val Acc,Train Acc,Train Loss,Validation Loss,Early Stopping,Graph ID,Split Config,Experiment ID,Clustering Coefficient
5,0.23,chameleon-unmodified,chameleon-n2277-h0.23-c5-unmodified-0.48p__0.2p,"--model gcn --hidden1 64 --early_stopping 200",406,0.5942983031272888,0.6063103079795837,0.6630032658576965,1.0472862720489502,1.2510159015655518,True,35295195aeb1b2db27b41a523783342d,0.48p__0.2p,cbb9da64112ed47bc5ca25fb1d98959a,0.48135057608791076
5,0.23,chameleon-unmodified,chameleon-n2277-h0.23-c5-unmodified-0.48p__0.2p,"--model gcn --hidden1 64 --early_stopping 100",366,0.5921053290367126,0.6131690144538879,0.6712449789047241,1.0532207489013672,1.2482002973556519,True,35295195aeb1b2db27b41a523783342d,0.48p__0.2p,1e8684ee4916f9abd3d4707308037417,0.48135057608791076
5,0.23,chameleon-unmodified,chameleon-n2277-h0.23-c5-unmodified-0.48p__0.2p,"--model gcn --hidden1 64 --early_stopping 40",248,0.552631676197052,0.5829906463623047,0.6465197801589966,1.131917119026184,1.2654156684875488,True,35295195aeb1b2db27b41a523783342d,0.48p__0.2p,ec0bc8f2636d31898aa395f64bcfe947,0.48135057608791076
5,0.23,chameleon-unmodified,chameleon-n2277-h0.23-c5-unmodified-0.48p__0.2p,"--model gcn --hidden1 64 --early_stopping 200",488,0.5986843109130859,0.5720167756080627,0.6941386461257935,1.0121241807937622,1.2350413799285889,True,35295195aeb1b2db27b41a523783342d,0.48p__0.2p,d7716e2e513061ef8cf5ab9c0479d4be,0.48135057608791076
5,0.23,chameleon-unmodified,chameleon-n2277-h0.23-c5-unmodified-0.48p__0.2p,"--model gcn --hidden1 64 --early_stopping 100",341,0.5635965466499329,0.5514405965805054,0.6749079823493958,1.0718218088150024,1.2476485967636108,True,35295195aeb1b2db27b41a523783342d,0.48p__0.2p,acb93a94852cc000f582ffa911653534,0.48135057608791076
5,0.23,chameleon-unmodified,chameleon-n2277-h0.23-c5-unmodified-0.48p__0.2p,"--model gcn --hidden1 64 --early_stopping 40",260,0.5328947901725769,0.545953631401062,0.6401094794273376,1.0982794761657715,1.266058325767517,True,35295195aeb1b2db27b41a523783342d,0.48p__0.2p,6bbd71f0c0bdcc29e4cf9a7f2afc4acc,0.48135057608791076
5,0.23,chameleon-unmodified,chameleon-n2277-h0.23-c5-unmodified-0.48p__0.2p,"--model gcn --hidden1 64 --early_stopping 200",378,0.583333432674408,0.5912210941314697,0.6849811673164368,1.0145313739776611,1.3276147842407227,True,35295195aeb1b2db27b41a523783342d,0.48p__0.2p,8698474bd1619be01e65d0bb43352779,0.48135057608791076
5,0.23,chameleon-unmodified,chameleon-n2277-h0.23-c5-unmodified-0.48p__0.2p,"--model gcn --hidden1 64 --early_stopping 100",259,0.5811404585838318,0.5802472233772278,0.6684978008270264,1.082901120185852,1.3366886377334595,True,35295195aeb1b2db27b41a523783342d,0.48p__0.2p,c4449749f54926e7c0aa04824276d54b,0.48135057608791076
5,0.23,chameleon-unmodified,chameleon-n2277-h0.23-c5-unmodified-0.48p__0.2p,"--model gcn --hidden1 64 --early_stopping 40",212,0.5416667461395264,0.5692732334136963,0.660256028175354,1.1122863292694092,1.3386085033416748,True,35295195aeb1b2db27b41a523783342d,0.48p__0.2p,8a60988cf5c85cd475cd2f15fcedc91c,0.48135057608791076
5,0.23,chameleon-unmodified,chameleon-n2277-h0.23-c5-unmodified-0.48p__0.2p,"--model gcn --hidden1 64 --early_stopping 200",349,0.5877193808555603,0.5761319994926453,0.6208788156509399,1.0753597021102905,1.2915124893188477,True,35295195aeb1b2db27b41a523783342d,0.48p__0.2p,a169cc7bc3ddb25449d58f75914fc1c1,0.48135057608791076
5,0.23,chameleon-unmodified,chameleon-n2277-h0.23-c5-unmodified-0.48p__0.2p,"--model gcn --hidden1 64 --early_stopping 100",291,0.5723685622215271,0.5884776711463928,0.6309520602226257,1.102552890777588,1.289830207824707,True,35295195aeb1b2db27b41a523783342d,0.48p__0.2p,d82a8681dcfc09d7127c4b999a12e655,0.48135057608791076
5,0.23,chameleon-unmodified,chameleon-n2277-h0.23-c5-unmodified-0.48p__0.2p,"--model gcn --hidden1 64 --early_stopping 40",199,0.5614036321640015,0.5665297508239746,0.6053110957145691,1.1508479118347168,1.309774398803711,True,35295195aeb1b2db27b41a523783342d,0.48p__0.2p,8ac9094ceddec2b43ec2dd482cb07990,0.48135057608791076
5,0.23,chameleon-unmodified,chameleon-n2277-h0.23-c5-unmodified-0.48p__0.2p,"--model gcn --hidden1 64 --early_stopping 200",339,0.5438597798347473,0.5596710443496704,0.6611717343330383,1.067887544631958,1.3006608486175537,True,35295195aeb1b2db27b41a523783342d,0.48p__0.2p,2569e7b2bee4aad67d780c15ed944bc7,0.48135057608791076
5,0.23,chameleon-unmodified,chameleon-n2277-h0.23-c5-unmodified-0.48p__0.2p,"--model gcn --hidden1 64 --early_stopping 100",283,0.5679826140403748,0.5939645767211914,0.6565930247306824,1.0810104608535767,1.2994784116744995,True,35295195aeb1b2db27b41a523783342d,0.48p__0.2p,0502baedf5619157a5bd6d87f252c743,0.48135057608791076
5,0.23,chameleon-unmodified,chameleon-n2277-h0.23-c5-unmodified-0.48p__0.2p,"--model gcn --hidden1 64 --early_stopping 40",200,0.5416667461395264,0.5651580095291138,0.6401094794273376,1.1527936458587646,1.3126916885375977,True,35295195aeb1b2db27b41a523783342d,0.48p__0.2p,36fc72be3aa86ebfae5fde433799b0ac,0.48135057608791076
5,0.23,chameleon-unmodified,chameleon-n2277-h0.23-c5-unmodified-0.48p__0.2p,"--model gcn --hidden1 64 --early_stopping 200",425,0.6008772850036621,0.5624145269393921,0.6630032658576965,1.0328269004821777,1.2983821630477905,True,35295195aeb1b2db27b41a523783342d,0.48p__0.2p,eab7500c246da2c96f023939c2997081,0.48135057608791076
5,0.23,chameleon-unmodified,chameleon-n2277-h0.23-c5-unmodified-0.48p__0.2p,"--model gcn --hidden1 64 --early_stopping 100",314,0.5899123549461365,0.5720167756080627,0.6538457274436951,1.0865291357040405,1.308168649673462,True,35295195aeb1b2db27b41a523783342d,0.48p__0.2p,2f8ee6e909fc25253ceee00e8f017730,0.48135057608791076
5,0.23,chameleon-unmodified,chameleon-n2277-h0.23-c5-unmodified-0.48p__0.2p,"--model gcn --hidden1 64 --early_stopping 40",230,0.5877193808555603,0.5624145269393921,0.6465197801589966,1.1265480518341064,1.3164504766464233,True,35295195aeb1b2db27b41a523783342d,0.48p__0.2p,515d357cdec85ebd7eacff0efd6ad2cb,0.48135057608791076
5,0.23,chameleon-unmodified,chameleon-n2277-h0.23-c5-unmodified-0.48p__0.2p,"--model gcn --hidden1 64 --early_stopping 200",417,0.5899123549461365,0.6063103079795837,0.6831496953964233,1.039955973625183,1.2959134578704834,True,35295195aeb1b2db27b41a523783342d,0.48p__0.2p,6e7bd501c8e23a273ce06a2f80927cc7,0.48135057608791076
5,0.23,chameleon-unmodified,chameleon-n2277-h0.23-c5-unmodified-0.48p__0.2p,"--model gcn --hidden1 64 --early_stopping 100",330,0.6074562668800354,0.6145407557487488,0.674907922744751,1.066361427307129,1.3047218322753906,True,35295195aeb1b2db27b41a523783342d,0.48p__0.2p,c30027894c53fb32d1c2a3686c6f13b0,0.48135057608791076
5,0.23,chameleon-unmodified,chameleon-n2277-h0.23-c5-unmodified-0.48p__0.2p,"--model gcn --hidden1 64 --early_stopping 40",229,0.5723685622215271,0.5665297508239746,0.6456040143966675,1.1250985860824585,1.3175233602523804,True,35295195aeb1b2db27b41a523783342d,0.48p__0.2p,c4d0f6926058c1194b47af56c77910af,0.48135057608791076
5,0.23,chameleon-unmodified,chameleon-n2277-h0.23-c5-unmodified-0.48p__0.2p,"--model gcn --hidden1 64 --early_stopping 200",346,0.5394737720489502,0.5610427856445312,0.6950544714927673,1.035970687866211,1.330855369567871,True,35295195aeb1b2db27b41a523783342d,0.48p__0.2p,562458d2c062e21250065639314caff1,0.48135057608791076
5,0.23,chameleon-unmodified,chameleon-n2277-h0.23-c5-unmodified-0.48p__0.2p,"--model gcn --hidden1 64 --early_stopping 100",251,0.521929919719696,0.5418384075164795,0.6437724828720093,1.100399136543274,1.3345431089401245,True,35295195aeb1b2db27b41a523783342d,0.48p__0.2p,858599df1adab7971945a98a47851927,0.48135057608791076
5,0.23,chameleon-unmodified,chameleon-n2277-h0.23-c5-unmodified-0.48p__0.2p,"--model gcn --hidden1 64 --early_stopping 40",197,0.5175439119338989,0.5445818901062012,0.6419410109519958,1.1223113536834717,1.3398805856704712,True,35295195aeb1b2db27b41a523783342d,0.48p__0.2p,02e3ba072ddf70c2682faf6ac942d56e,0.48135057608791076
5,0.23,chameleon-unmodified,chameleon-n2277-h0.23-c5-unmodified-0.48p__0.2p,"--model gcn --hidden1 64 --early_stopping 200",328,0.6315790414810181,0.5829906463623047,0.6684977412223816,1.0668683052062988,1.345583200454712,True,35295195aeb1b2db27b41a523783342d,0.48p__0.2p,b73ddfa89e694b53364987b084daa31b,0.48135057608791076
5,0.23,chameleon-unmodified,chameleon-n2277-h0.23-c5-unmodified-0.48p__0.2p,"--model gcn --hidden1 64 --early_stopping 100",230,0.6140352487564087,0.5500688552856445,0.6346150636672974,1.1128772497177124,1.3520233631134033,True,35295195aeb1b2db27b41a523783342d,0.48p__0.2p,855302aa33c50dc28816e7b53349e8a1,0.48135057608791076
5,0.23,chameleon-unmodified,chameleon-n2277-h0.23-c5-unmodified-0.48p__0.2p,"--model gcn --hidden1 64 --early_stopping 40",178,0.6030702590942383,0.5404666662216187,0.6410252451896667,1.1675958633422852,1.3602657318115234,True,35295195aeb1b2db27b41a523783342d,0.48p__0.2p,150cc1ca63c7887a62063184ddc2b214,0.48135057608791076
5,0.23,chameleon-unmodified,chameleon-n2277-h0.23-c5-unmodified-0.48p__0.2p,"--model gcn --hidden1 64 --early_stopping 200",385,0.5964913368225098,0.5994516015052795,0.6730765104293823,1.0540691614151,1.274573802947998,True,35295195aeb1b2db27b41a523783342d,0.48p__0.2p,251fded74d6f4053f6ac7c2a3c188285,0.48135057608791076
5,0.23,chameleon-unmodified,chameleon-n2277-h0.23-c5-unmodified-0.48p__0.2p,"--model gcn --hidden1 64 --early_stopping 100",292,0.5921053290367126,0.6021950840950012,0.6547614336013794,1.0845816135406494,1.2775622606277466,True,35295195aeb1b2db27b41a523783342d,0.48p__0.2p,d828dc6064a140836349201434a94e84,0.48135057608791076
5,0.23,chameleon-unmodified,chameleon-n2277-h0.23-c5-unmodified-0.48p__0.2p,"--model gcn --hidden1 64 --early_stopping 40",237,0.5701755881309509,0.5884776711463928,0.6657504439353943,1.1224793195724487,1.2827889919281006,True,35295195aeb1b2db27b41a523783342d,0.48p__0.2p,383586de6416f6dff9596a625d69f23e,0.48135057608791076
7,0.81,ind.cora-unmodified,ind.cora-unmodified-0.48p__0.2p,"--model gcn --hidden1 64 --early_stopping 200",590,0.8551303744316101,0.8145232796669006,0.9135900735855103,0.4482673406600952,0.7314701080322266,True,4c95f334af46cefe80977d9c96123445,0.48p__0.2p,b91dac2e0c50ca0120643f73d2149946,0.24067329850193728
7,0.81,ind.cora-unmodified,ind.cora-unmodified-0.48p__0.2p,"--model gcn --hidden1 64 --early_stopping 100",404,0.8531183004379272,0.8174673914909363,0.9228181838989258,0.47251033782958984,0.7530298829078674,True,4c95f334af46cefe80977d9c96123445,0.48p__0.2p,d995a8c270ffb3d5fa31aa4d51ab928f,0.24067329850193728
7,0.81,ind.cora-unmodified,ind.cora-unmodified-0.48p__0.2p,"--model gcn --hidden1 64 --early_stopping 40",298,0.8611665964126587,0.829243540763855,0.9127510786056519,0.5201093554496765,0.7711427807807922,True,4c95f334af46cefe80977d9c96123445,0.48p__0.2p,b45ce758bdf6899df606636277d3846e,0.24067329850193728
7,0.81,ind.cora-unmodified,ind.cora-unmodified-0.48p__0.2p,"--model gcn --hidden1 64 --early_stopping 200",545,0.875251054763794,0.830224871635437,0.9320465326309204,0.43911218643188477,0.7464874982833862,True,4c95f334af46cefe80977d9c96123445,0.48p__0.2p,f50b01e39bd91dc9307f7390c8fdba8b,0.24067329850193728
7,0.81,ind.cora-unmodified,ind.cora-unmodified-0.48p__0.2p,"--model gcn --hidden1 64 --early_stopping 100",384,0.8692148923873901,0.8292434811592102,0.9211404323577881,0.47520047426223755,0.7594516277313232,True,4c95f334af46cefe80977d9c96123445,0.48p__0.2p,081cc33ce1e6d005c1f7c87c898fad3b,0.24067329850193728
7,0.81,ind.cora-unmodified,ind.cora-unmodified-0.48p__0.2p,"--model gcn --hidden1 64 --early_stopping 40",245,0.8792752623558044,0.829243540763855,0.9043617844581604,0.5658634901046753,0.7899974584579468,True,4c95f334af46cefe80977d9c96123445,0.48p__0.2p,f295e9a2955a7be6f09ebeaab7367504,0.24067329850193728
7,0.81,ind.cora-unmodified,ind.cora-unmodified-0.48p__0.2p,"--model gcn --hidden1 64 --early_stopping 200",518,0.8913477063179016,0.8007842898368835,0.9236571788787842,0.4428659975528717,0.7761714458465576,True,4c95f334af46cefe80977d9c96123445,0.48p__0.2p,f05b37046e08b76f9cfe2a531be22b11,0.24067329850193728
7,0.81,ind.cora-unmodified,ind.cora-unmodified-0.48p__0.2p,"--model gcn --hidden1 64 --early_stopping 100",365,0.889335572719574,0.8076537847518921,0.9211404323577881,0.4743736982345581,0.790640115737915,True,4c95f334af46cefe80977d9c96123445,0.48p__0.2p,e21181ca2495df516adb6114eb010ec7,0.24067329850193728
7,0.81,ind.cora-unmodified,ind.cora-unmodified-0.48p__0.2p,"--model gcn --hidden1 64 --early_stopping 40",294,0.8993959426879883,0.811579167842865,0.9144290089607239,0.5249766111373901,0.8003847599029541,True,4c95f334af46cefe80977d9c96123445,0.48p__0.2p,a78a530217804caeb4b171d6525ed1d2,0.24067329850193728
7,0.81,ind.cora-unmodified,ind.cora-unmodified-0.48p__0.2p,"--model gcn --hidden1 64 --early_stopping 200",458,0.8712270259857178,0.8047096729278564,0.9228181838989258,0.4388473331928253,0.783778190612793,True,4c95f334af46cefe80977d9c96123445,0.48p__0.2p,1aeb10333c514dade5337efb6c644eb1,0.24067329850193728
7,0.81,ind.cora-unmodified,ind.cora-unmodified-0.48p__0.2p,"--model gcn --hidden1 64 --early_stopping 100",446,0.8732390999794006,0.810597836971283,0.926173985004425,0.4415178894996643,0.7754362225532532,True,4c95f334af46cefe80977d9c96123445,0.48p__0.2p,0c1d8c5c4f0a5893d323eeb05ca77be4,0.24067329850193728
7,0.81,ind.cora-unmodified,ind.cora-unmodified-0.48p__0.2p,"--model gcn --hidden1 64 --early_stopping 40",318,0.8692148923873901,0.8047096729278564,0.9152678847312927,0.5027556419372559,0.7954385280609131,True,4c95f334af46cefe80977d9c96123445,0.48p__0.2p,05d8589c8763e2d572c112dd038e639e,0.24067329850193728
7,0.81,ind.cora-unmodified,ind.cora-unmodified-0.48p__0.2p,"--model gcn --hidden1 64 --early_stopping 200",590,0.859154462814331,0.810597836971283,0.9387578368186951,0.39481121301651,0.7424288392066956,True,4c95f334af46cefe80977d9c96123445,0.48p__0.2p,63e395f681e2921a83da18ab986965ab,0.24067329850193728
7,0.81,ind.cora-unmodified,ind.cora-unmodified-0.48p__0.2p,"--model gcn --hidden1 64 --early_stopping 100",402,0.8611665964126587,0.8184486031532288,0.926173985004425,0.47307872772216797,0.763102650642395,True,4c95f334af46cefe80977d9c96123445,0.48p__0.2p,8065e94f94ae794fa9b693a6e81900f4,0.24067329850193728
7,0.81,ind.cora-unmodified,ind.cora-unmodified-0.48p__0.2p,"--model gcn --hidden1 64 --early_stopping 40",333,0.8571425080299377,0.8086351156234741,0.91694575548172,0.4813655614852905,0.771192193031311,True,4c95f334af46cefe80977d9c96123445,0.48p__0.2p,f9075f3d8a35557f4475d474e9ed6530,0.24067329850193728
7,0.81,ind.cora-unmodified,ind.cora-unmodified-0.48p__0.2p,"--model gcn --hidden1 64 --early_stopping 200",532,0.8591545820236206,0.8312062621116638,0.9127510786056519,0.45046496391296387,0.7166461944580078,True,4c95f334af46cefe80977d9c96123445,0.48p__0.2p,7c4f5d64a71ef8da9f19476ef19aa186,0.24067329850193728
7,0.81,ind.cora-unmodified,ind.cora-unmodified-0.48p__0.2p,"--model gcn --hidden1 64 --early_stopping 100",386,0.8631786704063416,0.8341502547264099,0.9093953371047974,0.4816480875015259,0.7294024229049683,True,4c95f334af46cefe80977d9c96123445,0.48p__0.2p,eb2c3c0cbeeba709d44b38c8eb800ce0,0.24067329850193728
7,0.81,ind.cora-unmodified,ind.cora-unmodified-0.48p__0.2p,"--model gcn --hidden1 64 --early_stopping 40",344,0.8672029376029968,0.830224871635437,0.9077175259590149,0.5064087510108948,0.7316973805427551,True,4c95f334af46cefe80977d9c96123445,0.48p__0.2p,4f875e2cc4895c63fa0cce851e28a8d0,0.24067329850193728
7,0.81,ind.cora-unmodified,ind.cora-unmodified-0.48p__0.2p,"--model gcn --hidden1 64 --early_stopping 200",547,0.8812873363494873,0.8184486031532288,0.9186236262321472,0.44304588437080383,0.731120228767395,True,4c95f334af46cefe80977d9c96123445,0.48p__0.2p,23a748f79682159fc78e532bee6fbf6f,0.24067329850193728
7,0.81,ind.cora-unmodified,ind.cora-unmodified-0.48p__0.2p,"--model gcn --hidden1 64 --early_stopping 100",422,0.8672029376029968,0.8233554363250732,0.9228183031082153,0.4700101613998413,0.7351897954940796,True,4c95f334af46cefe80977d9c96123445,0.48p__0.2p,fb7abe58449cea58bedd42a2137dbc52,0.24067329850193728
7,0.81,ind.cora-unmodified,ind.cora-unmodified-0.48p__0.2p,"--model gcn --hidden1 64 --early_stopping 40",308,0.8712269067764282,0.829243540763855,0.9144290089607239,0.5118840932846069,0.7556508779525757,True,4c95f334af46cefe80977d9c96123445,0.48p__0.2p,c49c0d32554cf8b180d4148721d953e9,0.24067329850193728
7,0.81,ind.cora-unmodified,ind.cora-unmodified-0.48p__0.2p,"--model gcn --hidden1 64 --early_stopping 200",576,0.8732389807701111,0.811579167842865,0.9219793081283569,0.42243751883506775,0.7572112679481506,True,4c95f334af46cefe80977d9c96123445,0.48p__0.2p,1b6f7a5d7dbc77939ae480ebbb52079e,0.24067329850193728
7,0.81,ind.cora-unmodified,ind.cora-unmodified-0.48p__0.2p,"--model gcn --hidden1 64 --early_stopping 100",385,0.8792752623558044,0.8184486031532288,0.9219793081283569,0.47239917516708374,0.77632737159729,True,4c95f334af46cefe80977d9c96123445,0.48p__0.2p,955dddec5a2cf9055b6244b3b4f736ab,0.24067329850193728
7,0.81,ind.cora-unmodified,ind.cora-unmodified-0.48p__0.2p,"--model gcn --hidden1 64 --early_stopping 40",329,0.8812873363494873,0.8194300532341003,0.9152678847312927,0.4969392418861389,0.7804883718490601,True,4c95f334af46cefe80977d9c96123445,0.48p__0.2p,3ebd218ec1d213c6bb05643331a93289,0.24067329850193728
7,0.81,ind.cora-unmodified,ind.cora-unmodified-0.48p__0.2p,"--model gcn --hidden1 64 --early_stopping 200",535,0.8672028183937073,0.8233554363250732,0.9186236262321472,0.42151159048080444,0.754163920879364,True,4c95f334af46cefe80977d9c96123445,0.48p__0.2p,5fe5307eff782eba476a3b914640bfe6,0.24067329850193728
7,0.81,ind.cora-unmodified,ind.cora-unmodified-0.48p__0.2p,"--model gcn --hidden1 64 --early_stopping 100",444,0.8672028183937073,0.8184486031532288,0.9161067605018616,0.45636796951293945,0.7583984732627869,True,4c95f334af46cefe80977d9c96123445,0.48p__0.2p,549aa5ed6ee46a62152e7c40ce8101e1,0.24067329850193728
7,0.81,ind.cora-unmodified,ind.cora-unmodified-0.48p__0.2p,"--model gcn --hidden1 64 --early_stopping 40",284,0.8611665964126587,0.8253180980682373,0.9186236262321472,0.5232909321784973,0.7868473529815674,True,4c95f334af46cefe80977d9c96123445,0.48p__0.2p,6438ad578e218c1cb2d57b44569df854,0.24067329850193728
7,0.81,ind.cora-unmodified,ind.cora-unmodified-0.48p__0.2p,"--model gcn --hidden1 64 --early_stopping 200",637,0.8812874555587769,0.828262209892273,0.9219793081283569,0.4173213839530945,0.7136402130126953,True,4c95f334af46cefe80977d9c96123445,0.48p__0.2p,d890a07b06e50489ce222ba8a5ec7ac6,0.24067329850193728
7,0.81,ind.cora-unmodified,ind.cora-unmodified-0.48p__0.2p,"--model gcn --hidden1 64 --early_stopping 100",407,0.8792753219604492,0.8321875929832458,0.9110732078552246,0.4885469675064087,0.7436926960945129,True,4c95f334af46cefe80977d9c96123445,0.48p__0.2p,f6ad04074b035c79ea4720f0e7a4ac98,0.24067329850193728
7,0.81,ind.cora-unmodified,ind.cora-unmodified-0.48p__0.2p,"--model gcn --hidden1 64 --early_stopping 40",283,0.8752511739730835,0.8243367671966553,0.9018450379371643,0.5455397367477417,0.7662478685379028,True,4c95f334af46cefe80977d9c96123445,0.48p__0.2p,883d85dafb5f6575734e1af18f20e622,0.24067329850193728
3,0.80,ind.pubmed-unmodified,ind.pubmed-unmodified-0.48p__0.2p,"--model gcn --hidden1 64 --early_stopping 200",202,0.20689651370048523,0.20554687082767487,0.2218111902475357,4.275027275085449,1.8088423013687134,True,610456c7ae4623e1ea292096b375bf73,0.48p__0.2p,730af4f7c29e8b352ab2859e223f7a10,0.060175209437523615
3,0.80,ind.pubmed-unmodified,ind.pubmed-unmodified-0.48p__0.2p,"--model gcn --hidden1 64 --early_stopping 100",102,0.46729350090026855,0.47622689604759216,0.6367988586425781,0.9720666408538818,1.2143126726150513,True,610456c7ae4623e1ea292096b375bf73,0.48p__0.2p,0f94a0fc05c3e1e17173d9616e88f8f1,0.060175209437523615
3,0.80,ind.pubmed-unmodified,ind.pubmed-unmodified-0.48p__0.2p,"--model gcn --hidden1 64 --early_stopping 40",57,0.7269298434257507,0.7347068786621094,0.7748120427131653,0.7734495997428894,0.8153185844421387,True,610456c7ae4623e1ea292096b375bf73,0.48p__0.2p,c38c767f60f0600dd4efe66840f828f6,0.060175209437523615
3,0.80,ind.pubmed-unmodified,ind.pubmed-unmodified-0.48p__0.2p,"--model gcn --hidden1 64 --early_stopping 200",202,0.19903644919395447,0.21267838776111603,0.4658147692680359,1.3533494472503662,1.6182286739349365,True,610456c7ae4623e1ea292096b375bf73,0.48p__0.2p,03fb7beca9e13b4d9604762e336f909e,0.060175209437523615
3,0.80,ind.pubmed-unmodified,ind.pubmed-unmodified-0.48p__0.2p,"--model gcn --hidden1 64 --early_stopping 100",102,0.648328959941864,0.6649757027626038,0.5128406882286072,1.3687559366226196,0.9840624332427979,True,610456c7ae4623e1ea292096b375bf73,0.48p__0.2p,0dbb0dbaa8580620eac6342d4ab4ad37,0.060175209437523615
3,0.80,ind.pubmed-unmodified,ind.pubmed-unmodified-0.48p__0.2p,"--model gcn --hidden1 64 --early_stopping 40",62,0.776118814945221,0.7713157534599304,0.7780880331993103,0.7679376602172852,0.8002070188522339,True,610456c7ae4623e1ea292096b375bf73,0.48p__0.2p,6fde489a54633f0b8943f98f34f97c4e,0.060175209437523615
3,0.80,ind.pubmed-unmodified,ind.pubmed-unmodified-0.48p__0.2p,"--model gcn --hidden1 64 --early_stopping 200",202,0.397059828042984,0.39730513095855713,0.3218850791454315,4.274068832397461,2.0513291358947754,True,610456c7ae4623e1ea292096b375bf73,0.48p__0.2p,bd90a6dfac810a8b0ede4f44a6d0d012,0.060175209437523615
3,0.80,ind.pubmed-unmodified,ind.pubmed-unmodified-0.48p__0.2p,"--model gcn --hidden1 64 --early_stopping 100",102,0.5327096581459045,0.5369240641593933,0.5287977457046509,1.1356483697891235,1.120776891708374,True,610456c7ae4623e1ea292096b375bf73,0.48p__0.2p,08c0d254f0248ebf7f1e8b526df33dfb,0.060175209437523615
3,0.80,ind.pubmed-unmodified,ind.pubmed-unmodified-0.48p__0.2p,"--model gcn --hidden1 64 --early_stopping 40",56,0.44422033429145813,0.437082976102829,0.7427921295166016,0.800376832485199,0.9637747406959534,True,610456c7ae4623e1ea292096b375bf73,0.48p__0.2p,43b819155342b92c36c6b157d1d8e717,0.060175209437523615
3,0.80,ind.pubmed-unmodified,ind.pubmed-unmodified-0.48p__0.2p,"--model gcn --hidden1 64 --early_stopping 200",204,0.20917847752571106,0.1995246708393097,0.5111498832702637,1.1365143060684204,1.395942211151123,True,610456c7ae4623e1ea292096b375bf73,0.48p__0.2p,d01ea028336cf8b6caa87fa0ed5050b8,0.060175209437523615
3,0.80,ind.pubmed-unmodified,ind.pubmed-unmodified-0.48p__0.2p,"--model gcn --hidden1 64 --early_stopping 100",102,0.6526393294334412,0.6561008095741272,0.47278937697410583,1.5255067348480225,0.9754400253295898,True,610456c7ae4623e1ea292096b375bf73,0.48p__0.2p,d6423ee5a7c8c0c893bab30ffbe5287c,0.060175209437523615
3,0.80,ind.pubmed-unmodified,ind.pubmed-unmodified-0.48p__0.2p,"--model gcn --hidden1 64 --early_stopping 40",54,0.7122238874435425,0.7104594707489014,0.7332813143730164,0.7849125266075134,0.8200821876525879,True,610456c7ae4623e1ea292096b375bf73,0.48p__0.2p,16f879eba8731f1cb74d00f621b716e9,0.060175209437523615
3,0.80,ind.pubmed-unmodified,ind.pubmed-unmodified-0.48p__0.2p,"--model gcn --hidden1 64 --early_stopping 200",202,0.2150101661682129,0.20570534467697144,0.3756735026836395,9.3396635055542,3.8421998023986816,True,610456c7ae4623e1ea292096b375bf73,0.48p__0.2p,6f8e76400b98e90a414465ec48fad740,0.060175209437523615
3,0.80,ind.pubmed-unmodified,ind.pubmed-unmodified-0.48p__0.2p,"--model gcn --hidden1 64 --early_stopping 100",102,0.4518268406391144,0.45087048411369324,0.4621160924434662,1.3196426630020142,1.0316438674926758,True,610456c7ae4623e1ea292096b375bf73,0.48p__0.2p,1a9a0b64be6925366e70f2fa33294ef7,0.060175209437523615
3,0.80,ind.pubmed-unmodified,ind.pubmed-unmodified-0.48p__0.2p,"--model gcn --hidden1 64 --early_stopping 40",58,0.7127310037612915,0.708557665348053,0.7970040440559387,0.7761633396148682,0.858511209487915,True,610456c7ae4623e1ea292096b375bf73,0.48p__0.2p,3f1b41e815043e70d2e3a33ec60d4e1e,0.060175209437523615
3,0.80,ind.pubmed-unmodified,ind.pubmed-unmodified-0.48p__0.2p,"--model gcn --hidden1 64 --early_stopping 200",202,0.2893005907535553,0.3090331256389618,0.3890942335128784,1.4487488269805908,1.6229783296585083,True,610456c7ae4623e1ea292096b375bf73,0.48p__0.2p,882cde34373491b05c3e7786fd0e62fb,0.060175209437523615
3,0.80,ind.pubmed-unmodified,ind.pubmed-unmodified-0.48p__0.2p,"--model gcn --hidden1 64 --early_stopping 100",102,0.47743555903434753,0.48367536067962646,0.49096572399139404,1.4275416135787964,1.5236254930496216,True,610456c7ae4623e1ea292096b375bf73,0.48p__0.2p,ff795913ee1a99b9a5f499ab4f147845,0.060175209437523615
3,0.80,ind.pubmed-unmodified,ind.pubmed-unmodified-0.48p__0.2p,"--model gcn --hidden1 64 --early_stopping 40",61,0.6501038670539856,0.6762277483940125,0.7003103494644165,0.8072253465652466,0.8103539943695068,True,610456c7ae4623e1ea292096b375bf73,0.48p__0.2p,37e1d607c983a4d052eddd47455e9a6e,0.060175209437523615
3,0.80,ind.pubmed-unmodified,ind.pubmed-unmodified-0.48p__0.2p,"--model gcn --hidden1 64 --early_stopping 200",202,0.20867133140563965,0.21458016335964203,0.39448365569114685,2.51781964302063,2.579573392868042,True,610456c7ae4623e1ea292096b375bf73,0.48p__0.2p,2e9abdbd8d8ee48393ee8f20348a4e4b,0.060175209437523615
3,0.80,ind.pubmed-unmodified,ind.pubmed-unmodified-0.48p__0.2p,"--model gcn --hidden1 64 --early_stopping 100",102,0.39604562520980835,0.3955618441104889,0.6931242942810059,0.9321733713150024,1.5615277290344238,True,610456c7ae4623e1ea292096b375bf73,0.48p__0.2p,a6040babebfd4e21d86f065569c20dbb,0.060175209437523615
3,0.80,ind.pubmed-unmodified,ind.pubmed-unmodified-0.48p__0.2p,"--model gcn --hidden1 64 --early_stopping 40",64,0.7411287426948547,0.7383520007133484,0.7765028476715088,0.7894014120101929,0.7964070439338684,True,610456c7ae4623e1ea292096b375bf73,0.48p__0.2p,eac83111c94d70a4c296619096403fc8,0.060175209437523615
3,0.80,ind.pubmed-unmodified,ind.pubmed-unmodified-0.48p__0.2p,"--model gcn --hidden1 64 --early_stopping 200",202,0.21272817254066467,0.20522992312908173,0.5256274938583374,1.1219079494476318,1.6019275188446045,True,610456c7ae4623e1ea292096b375bf73,0.48p__0.2p,101557aeb30f310cc9e16150a381cc86,0.060175209437523615
3,0.80,ind.pubmed-unmodified,ind.pubmed-unmodified-0.48p__0.2p,"--model gcn --hidden1 64 --early_stopping 100",102,0.4021308422088623,0.4099833369255066,0.4637012183666229,1.229992151260376,1.1218738555908203,True,610456c7ae4623e1ea292096b375bf73,0.48p__0.2p,c164015cb8a09487544c60badbc91a44,0.060175209437523615
3,0.80,ind.pubmed-unmodified,ind.pubmed-unmodified-0.48p__0.2p,"--model gcn --hidden1 64 --early_stopping 40",60,0.705377995967865,0.6966717839241028,0.7273634076118469,0.8000869154930115,0.8372407555580139,True,610456c7ae4623e1ea292096b375bf73,0.48p__0.2p,1768330eb5069803a9b15b78776ab795,0.060175209437523615
3,0.80,ind.pubmed-unmodified,ind.pubmed-unmodified-0.48p__0.2p,"--model gcn --hidden1 64 --early_stopping 200",202,0.3962991535663605,0.4068138003349304,0.33963844180107117,2.9201645851135254,2.717862129211426,True,610456c7ae4623e1ea292096b375bf73,0.48p__0.2p,e0522e77230d8959a7f70f9defeec660,0.060175209437523615
3,0.80,ind.pubmed-unmodified,ind.pubmed-unmodified-0.48p__0.2p,"--model gcn --hidden1 64 --early_stopping 100",102,0.7036031484603882,0.7141045928001404,0.6593078970909119,0.9393417835235596,0.8591117858886719,True,610456c7ae4623e1ea292096b375bf73,0.48p__0.2p,1b4d13c793dbcea36fd60b95a040e08a,0.060175209437523615
3,0.80,ind.pubmed-unmodified,ind.pubmed-unmodified-0.48p__0.2p,"--model gcn --hidden1 64 --early_stopping 40",62,0.6726698875427246,0.6838348507881165,0.780624270439148,0.7436302900314331,0.7854050397872925,True,610456c7ae4623e1ea292096b375bf73,0.48p__0.2p,b004bd6ecf62bc041bd9babfbfee4512,0.060175209437523615
3,0.80,ind.pubmed-unmodified,ind.pubmed-unmodified-0.48p__0.2p,"--model gcn --hidden1 64 --early_stopping 200",202,0.3950314223766327,0.4093494117259979,0.42872247099876404,1.4959713220596313,1.9388251304626465,True,610456c7ae4623e1ea292096b375bf73,0.48p__0.2p,a4ba46493ad01fae581c95bc7153277b,0.060175209437523615
3,0.80,ind.pubmed-unmodified,ind.pubmed-unmodified-0.48p__0.2p,"--model gcn --hidden1 64 --early_stopping 100",102,0.5101436376571655,0.5145785212516785,0.47912997007369995,1.1951167583465576,1.0225903987884521,True,610456c7ae4623e1ea292096b375bf73,0.48p__0.2p,a680e89b6b00b98df2ac61fd4a94c641,0.060175209437523615
3,0.80,ind.pubmed-unmodified,ind.pubmed-unmodified-0.48p__0.2p,"--model gcn --hidden1 64 --early_stopping 40",61,0.8161798715591431,0.8174334764480591,0.7930940389633179,0.7694475054740906,0.7889363765716553,True,610456c7ae4623e1ea292096b375bf73,0.48p__0.2p,7f9b8dfb178e07a054ba57cf47879bd6,0.060175209437523615
6,0.74,ind.citeseer-unmodified,ind.citeseer-unmodified-0.48p__0.2p,"--model gcn --hidden1 64 --early_stopping 200",460,0.7590360045433044,0.7511874437332153,0.8659542202949524,0.6360174417495728,0.925727903842926,True,83dd60de1db27849a16bbe3ee6f6b8e5,0.48p__0.2p,25f20a5ac17034b8259bd2469126428e,0.14147102442629086
6,0.74,ind.citeseer-unmodified,ind.citeseer-unmodified-0.48p__0.2p,"--model gcn --hidden1 64 --early_stopping 100",357,0.7620479464530945,0.7568854093551636,0.8546263575553894,0.671098530292511,0.9295925498008728,True,83dd60de1db27849a16bbe3ee6f6b8e5,0.48p__0.2p,5d8443b6dffe93bb14bce8bed8692309,0.14147102442629086
6,0.74,ind.citeseer-unmodified,ind.citeseer-unmodified-0.48p__0.2p,"--model gcn --hidden1 64 --early_stopping 40",244,0.7650600075721741,0.7625834941864014,0.8363757133483887,0.7597218155860901,0.9449453353881836,True,83dd60de1db27849a16bbe3ee6f6b8e5,0.48p__0.2p,4577a1edb75e2a1be3a95d5b4bfdd1f9,0.14147102442629086
6,0.74,ind.citeseer-unmodified,ind.citeseer-unmodified-0.48p__0.2p,"--model gcn --hidden1 64 --early_stopping 200",506,0.7499998807907104,0.7497629523277283,0.8740564584732056,0.6085577607154846,0.912753701210022,True,83dd60de1db27849a16bbe3ee6f6b8e5,0.48p__0.2p,a153d6428b5cc867eb968fac810715f4,0.14147102442629086
6,0.74,ind.citeseer-unmodified,ind.citeseer-unmodified-0.48p__0.2p,"--model gcn --hidden1 64 --early_stopping 100",368,0.7499998807907104,0.75639808177948,0.8595728278160095,0.66921067237854,0.9229580760002136,True,83dd60de1db27849a16bbe3ee6f6b8e5,0.48p__0.2p,151dad6ab32d9ed99d3a1799d5a0d90d,0.14147102442629086
6,0.74,ind.citeseer-unmodified,ind.citeseer-unmodified-0.48p__0.2p,"--model gcn --hidden1 64 --early_stopping 40",296,0.7560238838195801,0.7526065707206726,0.8589431047439575,0.7168161273002625,0.9280380010604858,True,83dd60de1db27849a16bbe3ee6f6b8e5,0.48p__0.2p,e6ce7d577b6d6845b8e614b7a327cafe,0.14147102442629086
6,0.74,ind.citeseer-unmodified,ind.citeseer-unmodified-0.48p__0.2p,"--model gcn --hidden1 64 --early_stopping 200",497,0.7466061115264893,0.7775663137435913,0.8711493611335754,0.616388738155365,0.8815959095954895,True,83dd60de1db27849a16bbe3ee6f6b8e5,0.48p__0.2p,cb4f5b27b39923aef76eed6f4dae5575,0.14147102442629086
6,0.74,ind.citeseer-unmodified,ind.citeseer-unmodified-0.48p__0.2p,"--model gcn --hidden1 64 --early_stopping 100",461,0.7571641206741333,0.7823190689086914,0.8724064826965332,0.6324842572212219,0.8798121809959412,True,83dd60de1db27849a16bbe3ee6f6b8e5,0.48p__0.2p,7c7bb19eb0fca4f70c43c4555ee31730,0.14147102442629086
6,0.74,ind.citeseer-unmodified,ind.citeseer-unmodified-0.48p__0.2p,"--model gcn --hidden1 64 --early_stopping 40",342,0.7571641802787781,0.7813684940338135,0.8510364294052124,0.6880083084106445,0.8880734443664551,True,83dd60de1db27849a16bbe3ee6f6b8e5,0.48p__0.2p,fa8023b4d3a9e12e43e1ccd2bf640ef8,0.14147102442629086
6,0.74,ind.citeseer-unmodified,ind.citeseer-unmodified-0.48p__0.2p,"--model gcn --hidden1 64 --early_stopping 200",488,0.744361162185669,0.763481080532074,0.8776785731315613,0.6122822761535645,0.9119786620140076,True,83dd60de1db27849a16bbe3ee6f6b8e5,0.48p__0.2p,07a46d6a4b408eebbeb841d58b38d840,0.14147102442629086
6,0.74,ind.citeseer-unmodified,ind.citeseer-unmodified-0.48p__0.2p,"--model gcn --hidden1 64 --early_stopping 100",407,0.7458648681640625,0.7663192749023438,0.8675903677940369,0.6430255770683289,0.9158068299293518,True,83dd60de1db27849a16bbe3ee6f6b8e5,0.48p__0.2p,0b30bbffd5a3f854eea874d6e0f5ffa6,0.14147102442629086
6,0.74,ind.citeseer-unmodified,ind.citeseer-unmodified-0.48p__0.2p,"--model gcn --hidden1 64 --early_stopping 40",274,0.7473686933517456,0.7738878726959229,0.8518275618553162,0.7175213694572449,0.9309862852096558,True,83dd60de1db27849a16bbe3ee6f6b8e5,0.48p__0.2p,654357feb54bdb94424a40fdcaf710d3,0.14147102442629086
6,0.74,ind.citeseer-unmodified,ind.citeseer-unmodified-0.48p__0.2p,"--model gcn --hidden1 64 --early_stopping 200",387,0.7853774428367615,0.6949779391288757,0.876115083694458,0.5745500326156616,1.0968060493469238,True,83dd60de1db27849a16bbe3ee6f6b8e5,0.48p__0.2p,cfc9a16161e12739875a3fcc651d6182,0.14147102442629086
6,0.74,ind.citeseer-unmodified,ind.citeseer-unmodified-0.48p__0.2p,"--model gcn --hidden1 64 --early_stopping 100",339,0.7900943756103516,0.6949779391288757,0.8741329312324524,0.6078659296035767,1.0928435325622559,True,83dd60de1db27849a16bbe3ee6f6b8e5,0.48p__0.2p,2c71785ecde5492556ddc3a59bb40ef1,0.14147102442629086
6,0.74,ind.citeseer-unmodified,ind.citeseer-unmodified-0.48p__0.2p,"--model gcn --hidden1 64 --early_stopping 40",227,0.7900943756103516,0.6949779987335205,0.8701686263084412,0.6857550144195557,1.1106013059616089,True,83dd60de1db27849a16bbe3ee6f6b8e5,0.48p__0.2p,b1fb0cf2b80d7bca23928bcf78ef071f,0.14147102442629086
6,0.74,ind.citeseer-unmodified,ind.citeseer-unmodified-0.48p__0.2p,"--model gcn --hidden1 64 --early_stopping 200",457,0.7601807713508606,0.762357234954834,0.8598358631134033,0.6355780959129333,0.8965395092964172,True,83dd60de1db27849a16bbe3ee6f6b8e5,0.48p__0.2p,2b9cc226e2d0965b731b05036e4988d5,0.14147102442629086
6,0.74,ind.citeseer-unmodified,ind.citeseer-unmodified-0.48p__0.2p,"--model gcn --hidden1 64 --early_stopping 100",370,0.7722471952438354,0.7690111994743347,0.864235520362854,0.6764124035835266,0.898311197757721,True,83dd60de1db27849a16bbe3ee6f6b8e5,0.48p__0.2p,de4105e151526874e7937694ca00b196,0.14147102442629086
6,0.74,ind.citeseer-unmodified,ind.citeseer-unmodified-0.48p__0.2p,"--model gcn --hidden1 64 --early_stopping 40",302,0.7692305445671082,0.7709122896194458,0.8491507172584534,0.7008622288703918,0.9066824316978455,True,83dd60de1db27849a16bbe3ee6f6b8e5,0.48p__0.2p,fd5219bdeb1e43c5fa9d784694f2e6ef,0.14147102442629086
6,0.74,ind.citeseer-unmodified,ind.citeseer-unmodified-0.48p__0.2p,"--model gcn --hidden1 64 --early_stopping 200",513,0.7756021618843079,0.7544851303100586,0.8650683164596558,0.6001341938972473,0.9175790548324585,True,83dd60de1db27849a16bbe3ee6f6b8e5,0.48p__0.2p,0384bcbf92a3626d4768c908be0b0e86,0.14147102442629086
6,0.74,ind.citeseer-unmodified,ind.citeseer-unmodified-0.48p__0.2p,"--model gcn --hidden1 64 --early_stopping 100",444,0.7740961909294128,0.7592065334320068,0.8562411665916443,0.6441706418991089,0.9184017181396484,True,83dd60de1db27849a16bbe3ee6f6b8e5,0.48p__0.2p,aec485ce690ec952790efd79a32e0fbc,0.14147102442629086
6,0.74,ind.citeseer-unmodified,ind.citeseer-unmodified-0.48p__0.2p,"--model gcn --hidden1 64 --early_stopping 40",246,0.781626284122467,0.7620394229888916,0.8486749529838562,0.7468575239181519,0.9483617544174194,True,83dd60de1db27849a16bbe3ee6f6b8e5,0.48p__0.2p,dc62cbde86e2b1183d2c3cb25100d501,0.14147102442629086
6,0.74,ind.citeseer-unmodified,ind.citeseer-unmodified-0.48p__0.2p,"--model gcn --hidden1 64 --early_stopping 200",392,0.7423166632652283,0.692926287651062,0.8746293783187866,0.6060500144958496,1.101628303527832,True,83dd60de1db27849a16bbe3ee6f6b8e5,0.48p__0.2p,6f8600ef4e8c01f3e9d4a1ca2e22c187,0.14147102442629086
6,0.74,ind.citeseer-unmodified,ind.citeseer-unmodified-0.48p__0.2p,"--model gcn --hidden1 64 --early_stopping 100",269,0.7517728805541992,0.6918544769287109,0.8548860549926758,0.6883105039596558,1.109259843826294,True,83dd60de1db27849a16bbe3ee6f6b8e5,0.48p__0.2p,117a989b2a2c8d0363962a433219b193,0.14147102442629086
6,0.74,ind.citeseer-unmodified,ind.citeseer-unmodified-0.48p__0.2p,"--model gcn --hidden1 64 --early_stopping 40",217,0.7517728805541992,0.6881031394004822,0.8588346838951111,0.71795654296875,1.1147980690002441,True,83dd60de1db27849a16bbe3ee6f6b8e5,0.48p__0.2p,9c2e73289361cc0beb34ad581b2f50a6,0.14147102442629086
6,0.74,ind.citeseer-unmodified,ind.citeseer-unmodified-0.48p__0.2p,"--model gcn --hidden1 64 --early_stopping 200",434,0.7839874029159546,0.7521281838417053,0.8678421974182129,0.6467397809028625,0.9506496787071228,True,83dd60de1db27849a16bbe3ee6f6b8e5,0.48p__0.2p,e2739b13e61c8e9c3d6b7e3e3b909321,0.14147102442629086
6,0.74,ind.citeseer-unmodified,ind.citeseer-unmodified-0.48p__0.2p,"--model gcn --hidden1 64 --early_stopping 100",351,0.7854980826377869,0.7502359747886658,0.8571436405181885,0.6888198256492615,0.9520288109779358,True,83dd60de1db27849a16bbe3ee6f6b8e5,0.48p__0.2p,06ea4080b1a6939b31691948998e9d92,0.14147102442629086
6,0.74,ind.citeseer-unmodified,ind.citeseer-unmodified-0.48p__0.2p,"--model gcn --hidden1 64 --early_stopping 40",274,0.7779451608657837,0.7606428265571594,0.8584022521972656,0.7211312651634216,0.9588017463684082,True,83dd60de1db27849a16bbe3ee6f6b8e5,0.48p__0.2p,a00fb0e46793bc20b285704da43c653b,0.14147102442629086
6,0.74,ind.citeseer-unmodified,ind.citeseer-unmodified-0.48p__0.2p,"--model gcn --hidden1 64 --early_stopping 200",504,0.7567972540855408,0.7718308568000793,0.8769732117652893,0.6174030900001526,0.9024003744125366,True,83dd60de1db27849a16bbe3ee6f6b8e5,0.48p__0.2p,a6fb86edd38a39e5b83551e79103e05a,0.14147102442629086
6,0.74,ind.citeseer-unmodified,ind.citeseer-unmodified-0.48p__0.2p,"--model gcn --hidden1 64 --early_stopping 100",354,0.7643501162528992,0.7765256762504578,0.8511056303977966,0.6887352466583252,0.9107616543769836,True,83dd60de1db27849a16bbe3ee6f6b8e5,0.48p__0.2p,2304e11034de94236c0559a5056166f1,0.14147102442629086
6,0.74,ind.citeseer-unmodified,ind.citeseer-unmodified-0.48p__0.2p,"--model gcn --hidden1 64 --early_stopping 40",331,0.7628395557403564,0.7840373516082764,0.8511056303977966,0.7072840332984924,0.9065643548965454,True,83dd60de1db27849a16bbe3ee6f6b8e5,0.48p__0.2p,02d85913482564f45e642a8ed47bac4b,0.14147102442629086
5,0.22,film-unmodified,film-n7600-h0.22-c5-unmodified-0.48p__0.2p,"--model gcn --hidden1 64 --early_stopping 200",203,0.30921053886413574,0.31167763471603394,0.38678762316703796,1.4864239692687988,1.576798677444458,True,91e4ccb73018cb9f702f55b6ef242de9,0.48p__0.2p,9e80f1c0b506fb622fa4135e4d3f3c2f,0.08019255113574139
5,0.22,film-unmodified,film-n7600-h0.22-c5-unmodified-0.48p__0.2p,"--model gcn --hidden1 64 --early_stopping 100",138,0.31118419766426086,0.3137335479259491,0.3552633225917816,1.513925313949585,1.5726732015609741,True,91e4ccb73018cb9f702f55b6ef242de9,0.48p__0.2p,dc0daa2b182cbbc3c26ba760ea057222,0.08019255113574139
5,0.22,film-unmodified,film-n7600-h0.22-c5-unmodified-0.48p__0.2p,"--model gcn --hidden1 64 --early_stopping 40",111,0.2940789461135864,0.31578946113586426,0.35718217492103577,1.5183444023132324,1.5700892210006714,True,91e4ccb73018cb9f702f55b6ef242de9,0.48p__0.2p,93d6e52138be090553bca21959e321c6,0.08019255113574139
5,0.22,film-unmodified,film-n7600-h0.22-c5-unmodified-0.48p__0.2p,"--model gcn --hidden1 64 --early_stopping 200",205,0.285526305437088,0.30386513471603394,0.3832239806652069,1.493087649345398,1.5746325254440308,True,91e4ccb73018cb9f702f55b6ef242de9,0.48p__0.2p,782ad81e7e4bc93e990c48994583a13f,0.08019255113574139
5,0.22,film-unmodified,film-n7600-h0.22-c5-unmodified-0.48p__0.2p,"--model gcn --hidden1 64 --early_stopping 100",157,0.2921052575111389,0.3005756437778473,0.3711625039577484,1.5152066946029663,1.568359375,True,91e4ccb73018cb9f702f55b6ef242de9,0.48p__0.2p,e200602ab2f97a19b2eef60ac057b3f7,0.08019255113574139
5,0.22,film-unmodified,film-n7600-h0.22-c5-unmodified-0.48p__0.2p,"--model gcn --hidden1 64 --early_stopping 40",112,0.29605263471603394,0.3022204041481018,0.3459430932998657,1.5253678560256958,1.5675550699234009,True,91e4ccb73018cb9f702f55b6ef242de9,0.48p__0.2p,0fde9c351bd82aa25963919bb3eac507,0.08019255113574139
5,0.22,film-unmodified,film-n7600-h0.22-c5-unmodified-0.48p__0.2p,"--model gcn --hidden1 64 --early_stopping 200",202,0.31381580233573914,0.30797696113586426,0.36924365162849426,1.5002859830856323,1.578250527381897,True,91e4ccb73018cb9f702f55b6ef242de9,0.48p__0.2p,f93eab8a3533b423121177a06ef3306d,0.08019255113574139
5,0.22,film-unmodified,film-n7600-h0.22-c5-unmodified-0.48p__0.2p,"--model gcn --hidden1 64 --early_stopping 100",139,0.3098684251308441,0.3162006437778473,0.35800454020500183,1.5144840478897095,1.5732043981552124,True,91e4ccb73018cb9f702f55b6ef242de9,0.48p__0.2p,ba7a29f99fe3dde6b6a1db348a6a1a17,0.08019255113574139
5,0.22,film-unmodified,film-n7600-h0.22-c5-unmodified-0.48p__0.2p,"--model gcn --hidden1 64 --early_stopping 40",90,0.28947368264198303,0.3096217215061188,0.34128299355506897,1.5402470827102661,1.5725380182266235,True,91e4ccb73018cb9f702f55b6ef242de9,0.48p__0.2p,c431acc4bc023278e7ab343b7bfaab2a,0.08019255113574139
5,0.22,film-unmodified,film-n7600-h0.22-c5-unmodified-0.48p__0.2p,"--model gcn --hidden1 64 --early_stopping 200",206,0.3151315748691559,0.31291118264198303,0.36074578762054443,1.4971847534179688,1.5750082731246948,True,91e4ccb73018cb9f702f55b6ef242de9,0.48p__0.2p,5fb639a30796b00faeec86f9a44ac03f,0.08019255113574139
5,0.22,film-unmodified,film-n7600-h0.22-c5-unmodified-0.48p__0.2p,"--model gcn --hidden1 64 --early_stopping 100",146,0.31776314973831177,0.31414473056793213,0.37472614645957947,1.5110646486282349,1.571618676185608,True,91e4ccb73018cb9f702f55b6ef242de9,0.48p__0.2p,9abc4f9b76958c205a84bfe9bd5e3456,0.08019255113574139
5,0.22,film-unmodified,film-n7600-h0.22-c5-unmodified-0.48p__0.2p,"--model gcn --hidden1 64 --early_stopping 40",130,0.31118419766426086,0.3034539520740509,0.3612940311431885,1.5178385972976685,1.5696465969085693,True,91e4ccb73018cb9f702f55b6ef242de9,0.48p__0.2p,4bc93f67ed5b6a83d5b8628a63afc248,0.08019255113574139
5,0.22,film-unmodified,film-n7600-h0.22-c5-unmodified-0.48p__0.2p,"--model gcn --hidden1 64 --early_stopping 200",202,0.2973684072494507,0.3071545958518982,0.376919150352478,1.4991294145584106,1.5809614658355713,True,91e4ccb73018cb9f702f55b6ef242de9,0.48p__0.2p,10ff28ee073a27fefebb9df602dd9cb3,0.08019255113574139
5,0.22,film-unmodified,film-n7600-h0.22-c5-unmodified-0.48p__0.2p,"--model gcn --hidden1 64 --early_stopping 100",120,0.29802632331848145,0.30263158679008484,0.36376118659973145,1.5159351825714111,1.573523759841919,True,91e4ccb73018cb9f702f55b6ef242de9,0.48p__0.2p,43c99409b65b249fcfafd45ca27cd669,0.08019255113574139
5,0.22,film-unmodified,film-n7600-h0.22-c5-unmodified-0.48p__0.2p,"--model gcn --hidden1 64 --early_stopping 40",115,0.2967105209827423,0.3083881437778473,0.3719848692417145,1.5151474475860596,1.5705342292785645,True,91e4ccb73018cb9f702f55b6ef242de9,0.48p__0.2p,5895546c316491ef6f01ee0c877d70ff,0.08019255113574139
5,0.22,film-unmodified,film-n7600-h0.22-c5-unmodified-0.48p__0.2p,"--model gcn --hidden1 64 --early_stopping 200",204,0.2967105209827423,0.31085526943206787,0.3780156373977661,1.493571400642395,1.5698410272598267,True,91e4ccb73018cb9f702f55b6ef242de9,0.48p__0.2p,5095f2926ff9dbfc04492ce5d7eacd0a,0.08019255113574139
5,0.22,film-unmodified,film-n7600-h0.22-c5-unmodified-0.48p__0.2p,"--model gcn --hidden1 64 --early_stopping 100",144,0.2986842095851898,0.3137335479259491,0.3588269352912903,1.514340877532959,1.5670056343078613,True,91e4ccb73018cb9f702f55b6ef242de9,0.48p__0.2p,a4bd850c0bd948f4680bbdd181462042,0.08019255113574139
5,0.22,film-unmodified,film-n7600-h0.22-c5-unmodified-0.48p__0.2p,"--model gcn --hidden1 64 --early_stopping 40",101,0.30657893419265747,0.31578946113586426,0.3470396101474762,1.5341196060180664,1.5676010847091675,True,91e4ccb73018cb9f702f55b6ef242de9,0.48p__0.2p,8d5c7721aaf53bd7ba9d719bdd426f63,0.08019255113574139
5,0.22,film-unmodified,film-n7600-h0.22-c5-unmodified-0.48p__0.2p,"--model gcn --hidden1 64 --early_stopping 200",202,0.29342105984687805,0.3075657784938812,0.3695177435874939,1.492256760597229,1.5786184072494507,True,91e4ccb73018cb9f702f55b6ef242de9,0.48p__0.2p,6ed1d86233acf05c067e20fa616ce5f6,0.08019255113574139
5,0.22,film-unmodified,film-n7600-h0.22-c5-unmodified-0.48p__0.2p,"--model gcn --hidden1 64 --early_stopping 100",135,0.30723685026168823,0.30797696113586426,0.36074578762054443,1.5164991617202759,1.5738322734832764,True,91e4ccb73018cb9f702f55b6ef242de9,0.48p__0.2p,3d532f460bbe4879a787d264bcddeaa4,0.08019255113574139
5,0.22,film-unmodified,film-n7600-h0.22-c5-unmodified-0.48p__0.2p,"--model gcn --hidden1 64 --early_stopping 40",97,0.30263158679008484,0.28577303886413574,0.34895849227905273,1.5331757068634033,1.5731103420257568,True,91e4ccb73018cb9f702f55b6ef242de9,0.48p__0.2p,3758f708776c74847ab03574dfcf6e81,0.08019255113574139
5,0.22,film-unmodified,film-n7600-h0.22-c5-unmodified-0.48p__0.2p,"--model gcn --hidden1 64 --early_stopping 200",202,0.2993420958518982,0.31208881735801697,0.37445202469825745,1.4948939085006714,1.5764673948287964,True,91e4ccb73018cb9f702f55b6ef242de9,0.48p__0.2p,48d371ef2dc6f55c2a8234b9f51cac30,0.08019255113574139
5,0.22,film-unmodified,film-n7600-h0.22-c5-unmodified-0.48p__0.2p,"--model gcn --hidden1 64 --early_stopping 100",132,0.31118419766426086,0.3005756437778473,0.3700660169124603,1.5121124982833862,1.5692248344421387,True,91e4ccb73018cb9f702f55b6ef242de9,0.48p__0.2p,e75d2ce4d59a130a7d28d26082bcb786,0.08019255113574139
5,0.22,film-unmodified,film-n7600-h0.22-c5-unmodified-0.48p__0.2p,"--model gcn --hidden1 64 --early_stopping 40",100,0.2986842095851898,0.3071545958518982,0.3470396101474762,1.5323847532272339,1.5676054954528809,True,91e4ccb73018cb9f702f55b6ef242de9,0.48p__0.2p,dfbb8f2612b8da979435ae6adae7caae,0.08019255113574139
5,0.22,film-unmodified,film-n7600-h0.22-c5-unmodified-0.48p__0.2p,"--model gcn --hidden1 64 --early_stopping 200",202,0.29342105984687805,0.3137335479259491,0.38130512833595276,1.4950950145721436,1.5770771503448486,True,91e4ccb73018cb9f702f55b6ef242de9,0.48p__0.2p,aede7a8a6c7745c590678b90af213284,0.08019255113574139
5,0.22,film-unmodified,film-n7600-h0.22-c5-unmodified-0.48p__0.2p,"--model gcn --hidden1 64 --early_stopping 100",147,0.2947368323802948,0.31208881735801697,0.3640352785587311,1.5173474550247192,1.571510910987854,True,91e4ccb73018cb9f702f55b6ef242de9,0.48p__0.2p,32bb2965ea28df7f0e88cf207743484d,0.08019255113574139
5,0.22,film-unmodified,film-n7600-h0.22-c5-unmodified-0.48p__0.2p,"--model gcn --hidden1 64 --early_stopping 40",100,0.29078948497772217,0.3075657784938812,0.3467654585838318,1.5259073972702026,1.5702826976776123,True,91e4ccb73018cb9f702f55b6ef242de9,0.48p__0.2p,a0131b941c2a4e0ca62fe0c6e1acc63d,0.08019255113574139
5,0.22,film-unmodified,film-n7600-h0.22-c5-unmodified-0.48p__0.2p,"--model gcn --hidden1 64 --early_stopping 200",204,0.2986842095851898,0.31702303886413574,0.3826757073402405,1.4892401695251465,1.5699716806411743,True,91e4ccb73018cb9f702f55b6ef242de9,0.48p__0.2p,cd42d30d8563bb98d0b10b09fc2e444b,0.08019255113574139
5,0.22,film-unmodified,film-n7600-h0.22-c5-unmodified-0.48p__0.2p,"--model gcn --hidden1 64 --early_stopping 100",145,0.316447377204895,0.3075657784938812,0.34895849227905273,1.5123549699783325,1.5665900707244873,True,91e4ccb73018cb9f702f55b6ef242de9,0.48p__0.2p,673141a741dac72af5a9c3ca362312ae,0.08019255113574139
5,0.22,film-unmodified,film-n7600-h0.22-c5-unmodified-0.48p__0.2p,"--model gcn --hidden1 64 --early_stopping 40",100,0.3105263113975525,0.30509868264198303,0.3442983627319336,1.5303425788879395,1.5673762559890747,True,91e4ccb73018cb9f702f55b6ef242de9,0.48p__0.2p,665b0c39d9a4ba2d2dcea1a9fcd315c4,0.08019255113574139
5,0.30,cornell-unmodified,cornell-n183-h0.3-c5-unmodified-0.48p__0.2p,"--model gcn --hidden1 64 --early_stopping 200",207,0.5405405163764954,0.5762711763381958,0.7356323003768921,0.9469550848007202,1.269734263420105,True,d1d5bdd41805e6a6eb0fdf335ebbfb7e,0.48p__0.2p,b89852fee47f1f823f1f40484ce57c80,0.16708048040169962
5,0.30,cornell-unmodified,cornell-n183-h0.3-c5-unmodified-0.48p__0.2p,"--model gcn --hidden1 64 --early_stopping 100",125,0.5945945978164673,0.5254237055778503,0.7011495232582092,1.1046736240386963,1.2497893571853638,True,d1d5bdd41805e6a6eb0fdf335ebbfb7e,0.48p__0.2p,457f2fd299eb48fcf5532b8f83db9d90,0.16708048040169962
5,0.30,cornell-unmodified,cornell-n183-h0.3-c5-unmodified-0.48p__0.2p,"--model gcn --hidden1 64 --early_stopping 40",118,0.5405405163764954,0.5593220591545105,0.6321839690208435,1.070245623588562,1.2362178564071655,True,d1d5bdd41805e6a6eb0fdf335ebbfb7e,0.48p__0.2p,8a0b499f528ac72972ff791c864ec783,0.16708048040169962
5,0.30,cornell-unmodified,cornell-n183-h0.3-c5-unmodified-0.48p__0.2p,"--model gcn --hidden1 64 --early_stopping 200",202,0.5135135054588318,0.5423728823661804,0.7586207985877991,0.8132843971252441,1.60319185256958,True,d1d5bdd41805e6a6eb0fdf335ebbfb7e,0.48p__0.2p,2d3df8214d3629f7f3695bd6514e2441,0.16708048040169962
5,0.30,cornell-unmodified,cornell-n183-h0.3-c5-unmodified-0.48p__0.2p,"--model gcn --hidden1 64 --early_stopping 100",102,0.5945945978164673,0.5593219995498657,0.6666667461395264,1.0210235118865967,1.5320967435836792,True,d1d5bdd41805e6a6eb0fdf335ebbfb7e,0.48p__0.2p,fb8426c84ed382015047e4c89c0012b7,0.16708048040169962
5,0.30,cornell-unmodified,cornell-n183-h0.3-c5-unmodified-0.48p__0.2p,"--model gcn --hidden1 64 --early_stopping 40",43,0.5675675272941589,0.5254237055778503,0.5632184743881226,1.136855959892273,1.4787555932998657,True,d1d5bdd41805e6a6eb0fdf335ebbfb7e,0.48p__0.2p,785c14c36eadef39744a7bea54c6e424,0.16708048040169962
5,0.30,cornell-unmodified,cornell-n183-h0.3-c5-unmodified-0.48p__0.2p,"--model gcn --hidden1 64 --early_stopping 200",202,0.6216216087341309,0.5593219995498657,0.6896553039550781,0.9219456315040588,1.3745139837265015,True,d1d5bdd41805e6a6eb0fdf335ebbfb7e,0.48p__0.2p,ad6f3074194dd8fd47fd053e1d616b9b,0.16708048040169962
5,0.30,cornell-unmodified,cornell-n183-h0.3-c5-unmodified-0.48p__0.2p,"--model gcn --hidden1 64 --early_stopping 100",102,0.5945945978164673,0.6101694703102112,0.6436782479286194,1.0769509077072144,1.2873531579971313,True,d1d5bdd41805e6a6eb0fdf335ebbfb7e,0.48p__0.2p,bb4d5df5c5bbf2e24ffd56232a671c6c,0.16708048040169962
5,0.30,cornell-unmodified,cornell-n183-h0.3-c5-unmodified-0.48p__0.2p,"--model gcn --hidden1 64 --early_stopping 40",57,0.6216216087341309,0.6271186470985413,0.47126439213752747,1.2492108345031738,1.2153040170669556,True,d1d5bdd41805e6a6eb0fdf335ebbfb7e,0.48p__0.2p,c6eccb68098f4ebc3bc574f2a2bbc773,0.16708048040169962
5,0.30,cornell-unmodified,cornell-n183-h0.3-c5-unmodified-0.48p__0.2p,"--model gcn --hidden1 64 --early_stopping 200",202,0.5405405163764954,0.5084745287895203,0.770115077495575,0.8548607230186462,1.53388249874115,True,d1d5bdd41805e6a6eb0fdf335ebbfb7e,0.48p__0.2p,6240a5f9625a7f291f6a7f0b4614d6ae,0.16708048040169962
5,0.30,cornell-unmodified,cornell-n183-h0.3-c5-unmodified-0.48p__0.2p,"--model gcn --hidden1 64 --early_stopping 100",102,0.5675675272941589,0.5423728823661804,0.6436782479286194,1.0670181512832642,1.4493952989578247,True,d1d5bdd41805e6a6eb0fdf335ebbfb7e,0.48p__0.2p,f5b68c8e8e9aeb7e34c4ac0c1db939cf,0.16708048040169962
5,0.30,cornell-unmodified,cornell-n183-h0.3-c5-unmodified-0.48p__0.2p,"--model gcn --hidden1 64 --early_stopping 40",66,0.6486486196517944,0.5254237055778503,0.5287356972694397,1.1762800216674805,1.394058346748352,True,d1d5bdd41805e6a6eb0fdf335ebbfb7e,0.48p__0.2p,19cff10bf4868cc9bf1a6cb77923a0cf,0.16708048040169962
5,0.30,cornell-unmodified,cornell-n183-h0.3-c5-unmodified-0.48p__0.2p,"--model gcn --hidden1 64 --early_stopping 200",205,0.45945945382118225,0.5254237055778503,0.7931035757064819,0.8797925114631653,1.4024720191955566,True,d1d5bdd41805e6a6eb0fdf335ebbfb7e,0.48p__0.2p,73c1f7082b4cdfb34d6d89bcb8af535b,0.16708048040169962
5,0.30,cornell-unmodified,cornell-n183-h0.3-c5-unmodified-0.48p__0.2p,"--model gcn --hidden1 64 --early_stopping 100",102,0.5945945978164673,0.5762711763381958,0.6091954708099365,1.0213335752487183,1.396180272102356,True,d1d5bdd41805e6a6eb0fdf335ebbfb7e,0.48p__0.2p,734ab4c6669add5dd6ddb7f025a24130,0.16708048040169962
5,0.30,cornell-unmodified,cornell-n183-h0.3-c5-unmodified-0.48p__0.2p,"--model gcn --hidden1 64 --early_stopping 40",70,0.5675675272941589,0.5762711763381958,0.5517241954803467,1.1203182935714722,1.342090368270874,True,d1d5bdd41805e6a6eb0fdf335ebbfb7e,0.48p__0.2p,22e8641bd18a24e53e2dde619b9a5ed5,0.16708048040169962
5,0.30,cornell-unmodified,cornell-n183-h0.3-c5-unmodified-0.48p__0.2p,"--model gcn --hidden1 64 --early_stopping 200",202,0.5675675272941589,0.5762711763381958,0.7586207985877991,0.850786566734314,1.3724277019500732,True,d1d5bdd41805e6a6eb0fdf335ebbfb7e,0.48p__0.2p,5307c9df31bbbdfd13194667d25c47ca,0.16708048040169962
5,0.30,cornell-unmodified,cornell-n183-h0.3-c5-unmodified-0.48p__0.2p,"--model gcn --hidden1 64 --early_stopping 100",111,0.5405405163764954,0.5762711763381958,0.7356323003768921,1.0006533861160278,1.319595456123352,True,d1d5bdd41805e6a6eb0fdf335ebbfb7e,0.48p__0.2p,c569b8f5520efd87520421d8ff0f7fb2,0.16708048040169962
5,0.30,cornell-unmodified,cornell-n183-h0.3-c5-unmodified-0.48p__0.2p,"--model gcn --hidden1 64 --early_stopping 40",73,0.5405405163764954,0.5423728823661804,0.5632184743881226,1.1313834190368652,1.2996834516525269,True,d1d5bdd41805e6a6eb0fdf335ebbfb7e,0.48p__0.2p,c809c1fec01a8546d003fcc380748fcd,0.16708048040169962
5,0.30,cornell-unmodified,cornell-n183-h0.3-c5-unmodified-0.48p__0.2p,"--model gcn --hidden1 64 --early_stopping 200",202,0.5405405163764954,0.576271116733551,0.7816093564033508,0.8406864404678345,1.3104596138000488,True,d1d5bdd41805e6a6eb0fdf335ebbfb7e,0.48p__0.2p,ecb1b8f738e65f6128d590e8a16e81c9,0.16708048040169962
5,0.30,cornell-unmodified,cornell-n183-h0.3-c5-unmodified-0.48p__0.2p,"--model gcn --hidden1 64 --early_stopping 100",110,0.6216216087341309,0.6101694703102112,0.6666667461395264,0.9931881427764893,1.2889127731323242,True,d1d5bdd41805e6a6eb0fdf335ebbfb7e,0.48p__0.2p,cfcafdd7d1316b4b7ac89c5fa203e8d3,0.16708048040169962
5,0.30,cornell-unmodified,cornell-n183-h0.3-c5-unmodified-0.48p__0.2p,"--model gcn --hidden1 64 --early_stopping 40",82,0.5675675272941589,0.5762711763381958,0.5747126936912537,1.0964875221252441,1.2613152265548706,True,d1d5bdd41805e6a6eb0fdf335ebbfb7e,0.48p__0.2p,926c2b96575e6bbafba10959618d679e,0.16708048040169962
5,0.30,cornell-unmodified,cornell-n183-h0.3-c5-unmodified-0.48p__0.2p,"--model gcn --hidden1 64 --early_stopping 200",202,0.5945945978164673,0.5084745287895203,0.804597795009613,0.8446869850158691,1.4101003408432007,True,d1d5bdd41805e6a6eb0fdf335ebbfb7e,0.48p__0.2p,f12f7683731833beb5e1fc3cafe247a6,0.16708048040169962
5,0.30,cornell-unmodified,cornell-n183-h0.3-c5-unmodified-0.48p__0.2p,"--model gcn --hidden1 64 --early_stopping 100",103,0.6486486196517944,0.5593219995498657,0.7126438021659851,1.0795947313308716,1.3631880283355713,True,d1d5bdd41805e6a6eb0fdf335ebbfb7e,0.48p__0.2p,319d88b7d9c7080f1e7e65f0765f09ca,0.16708048040169962
5,0.30,cornell-unmodified,cornell-n183-h0.3-c5-unmodified-0.48p__0.2p,"--model gcn --hidden1 64 --early_stopping 40",69,0.6216216087341309,0.5254237055778503,0.5517241954803467,1.1530054807662964,1.3224560022354126,True,d1d5bdd41805e6a6eb0fdf335ebbfb7e,0.48p__0.2p,7f143c51471915f9c44441f28c0e53dd,0.16708048040169962
5,0.30,cornell-unmodified,cornell-n183-h0.3-c5-unmodified-0.48p__0.2p,"--model gcn --hidden1 64 --early_stopping 200",202,0.5405405163764954,0.6610169410705566,0.7586207985877991,0.8822916746139526,1.2689305543899536,True,d1d5bdd41805e6a6eb0fdf335ebbfb7e,0.48p__0.2p,2058a256beefdc091b8dd87ca515023c,0.16708048040169962
5,0.30,cornell-unmodified,cornell-n183-h0.3-c5-unmodified-0.48p__0.2p,"--model gcn --hidden1 64 --early_stopping 100",115,0.5405405163764954,0.6440677642822266,0.5402299165725708,1.0663758516311646,1.2197039127349854,True,d1d5bdd41805e6a6eb0fdf335ebbfb7e,0.48p__0.2p,3c0cbf76bf2ca5d8b6019f4bdc2e03e5,0.16708048040169962
5,0.30,cornell-unmodified,cornell-n183-h0.3-c5-unmodified-0.48p__0.2p,"--model gcn --hidden1 64 --early_stopping 40",75,0.5675675272941589,0.5932203531265259,0.5172414183616638,1.1535404920578003,1.20350182056427,True,d1d5bdd41805e6a6eb0fdf335ebbfb7e,0.48p__0.2p,8eab2ebb25362c068576c3da2e4394c0,0.16708048040169962
5,0.30,cornell-unmodified,cornell-n183-h0.3-c5-unmodified-0.48p__0.2p,"--model gcn --hidden1 64 --early_stopping 200",203,0.4054054021835327,0.6101694703102112,0.7356323003768921,0.9372921586036682,1.2599200010299683,True,d1d5bdd41805e6a6eb0fdf335ebbfb7e,0.48p__0.2p,e4f8821806e8b1ce77f9ab261a53e422,0.16708048040169962
5,0.30,cornell-unmodified,cornell-n183-h0.3-c5-unmodified-0.48p__0.2p,"--model gcn --hidden1 64 --early_stopping 100",105,0.4864864647388458,0.6779661178588867,0.5632184743881226,1.1277196407318115,1.2117887735366821,True,d1d5bdd41805e6a6eb0fdf335ebbfb7e,0.48p__0.2p,329c0079906474409a58b6fa3c0725ab,0.16708048040169962
5,0.30,cornell-unmodified,cornell-n183-h0.3-c5-unmodified-0.48p__0.2p,"--model gcn --hidden1 64 --early_stopping 40",65,0.5945945978164673,0.6610169410705566,0.47126445174217224,1.275830864906311,1.1691851615905762,True,d1d5bdd41805e6a6eb0fdf335ebbfb7e,0.48p__0.2p,816ba05a4e2ca55d210411b84c2b4599,0.16708048040169962
5,0.22,squirrel-unmodified,squirrel-n5201-h0.22-c5-unmodified-0.48p__0.2p,"--model gcn --hidden1 64 --early_stopping 200",346,0.3487030565738678,0.3701920509338379,0.4635423421859741,1.4478224515914917,1.5617152452468872,True,e3cfd53cd8ba567b484b8d53312cd849,0.48p__0.2p,08eb1bc81f83198f01af597766ef5002,0.42220398192429115
5,0.22,squirrel-unmodified,squirrel-n5201-h0.22-c5-unmodified-0.48p__0.2p,"--model gcn --hidden1 64 --early_stopping 100",198,0.2977904975414276,0.3197113871574402,0.4182697832584381,1.4948656558990479,1.5780233144760132,True,e3cfd53cd8ba567b484b8d53312cd849,0.48p__0.2p,634618bf2079effdaea0fbb55cd5f425,0.42220398192429115
5,0.22,squirrel-unmodified,squirrel-n5201-h0.22-c5-unmodified-0.48p__0.2p,"--model gcn --hidden1 64 --early_stopping 40",187,0.28818434476852417,0.3227161765098572,0.4030453860759735,1.4969393014907837,1.569201111793518,True,e3cfd53cd8ba567b484b8d53312cd849,0.48p__0.2p,8a596375e20f59aeba73e335054b40d1,0.42220398192429115
5,0.22,squirrel-unmodified,squirrel-n5201-h0.22-c5-unmodified-0.48p__0.2p,"--model gcn --hidden1 64 --early_stopping 200",273,0.3352544605731964,0.31249985098838806,0.4238787889480591,1.4732105731964111,1.589599370956421,True,e3cfd53cd8ba567b484b8d53312cd849,0.48p__0.2p,1211c9fe19644cf55d1e8df7869c1af4,0.42220398192429115
5,0.22,squirrel-unmodified,squirrel-n5201-h0.22-c5-unmodified-0.48p__0.2p,"--model gcn --hidden1 64 --early_stopping 100",136,0.30067235231399536,0.26262015104293823,0.3405452072620392,1.526999592781067,1.5939754247665405,True,e3cfd53cd8ba567b484b8d53312cd849,0.48p__0.2p,c9127b7e90eda4696149fdc58c76e210,0.42220398192429115
5,0.22,squirrel-unmodified,squirrel-n5201-h0.22-c5-unmodified-0.48p__0.2p,"--model gcn --hidden1 64 --early_stopping 40",92,0.2747357487678528,0.23197117447853088,0.32411888241767883,1.5502185821533203,1.5976665019989014,True,e3cfd53cd8ba567b484b8d53312cd849,0.48p__0.2p,294269029ec780d8b24ef03d5dd0291f,0.42220398192429115
5,0.22,squirrel-unmodified,squirrel-n5201-h0.22-c5-unmodified-0.48p__0.2p,"--model gcn --hidden1 64 --early_stopping 200",283,0.36503350734710693,0.36298054456710815,0.45272502303123474,1.473599910736084,1.5871692895889282,True,e3cfd53cd8ba567b484b8d53312cd849,0.48p__0.2p,bcaba508a6e2b8e1e93ffbcff41b0334,0.42220398192429115
5,0.22,squirrel-unmodified,squirrel-n5201-h0.22-c5-unmodified-0.48p__0.2p,"--model gcn --hidden1 64 --early_stopping 100",128,0.29106616973876953,0.2956729829311371,0.37700363993644714,1.5220106840133667,1.598626971244812,True,e3cfd53cd8ba567b484b8d53312cd849,0.48p__0.2p,c0b1598bba28c500986446281e52876a,0.42220398192429115
5,0.22,squirrel-unmodified,squirrel-n5201-h0.22-c5-unmodified-0.48p__0.2p,"--model gcn --hidden1 64 --early_stopping 40",85,0.2603265345096588,0.2554086148738861,0.33373430371284485,1.5511935949325562,1.6005688905715942,True,e3cfd53cd8ba567b484b8d53312cd849,0.48p__0.2p,a7976a9035109dd9c631e94e8c1f1169,0.42220398192429115
5,0.22,squirrel-unmodified,squirrel-n5201-h0.22-c5-unmodified-0.48p__0.2p,"--model gcn --hidden1 64 --early_stopping 200",327,0.3487030565738678,0.3635815382003784,0.4314909875392914,1.4550873041152954,1.5739065408706665,True,e3cfd53cd8ba567b484b8d53312cd849,0.48p__0.2p,41ea87aac2d5f5e13b96edacb182ca54,0.42220398192429115
5,0.22,squirrel-unmodified,squirrel-n5201-h0.22-c5-unmodified-0.48p__0.2p,"--model gcn --hidden1 64 --early_stopping 100",221,0.3554273545742035,0.3635815680027008,0.4258819818496704,1.492437481880188,1.5678391456604004,True,e3cfd53cd8ba567b484b8d53312cd849,0.48p__0.2p,c8c1631fb02dd3c818faf232e567b67d,0.42220398192429115
5,0.22,squirrel-unmodified,squirrel-n5201-h0.22-c5-unmodified-0.48p__0.2p,"--model gcn --hidden1 64 --early_stopping 40",152,0.3362150490283966,0.33954307436943054,0.3938305974006653,1.5164662599563599,1.5756168365478516,True,e3cfd53cd8ba567b484b8d53312cd849,0.48p__0.2p,d9af52a814e13d482bd944ee7946b37f,0.42220398192429115
5,0.22,squirrel-unmodified,squirrel-n5201-h0.22-c5-unmodified-0.48p__0.2p,"--model gcn --hidden1 64 --early_stopping 200",233,0.36503347754478455,0.3671872317790985,0.4342954754829407,1.494997501373291,1.5698398351669312,True,e3cfd53cd8ba567b484b8d53312cd849,0.48p__0.2p,30260a06480abba3f77a4b89ad2d93c9,0.42220398192429115
5,0.22,squirrel-unmodified,squirrel-n5201-h0.22-c5-unmodified-0.48p__0.2p,"--model gcn --hidden1 64 --early_stopping 100",228,0.36887598037719727,0.38161033391952515,0.4114588797092438,1.4939905405044556,1.5591624975204468,True,e3cfd53cd8ba567b484b8d53312cd849,0.48p__0.2p,7dc476db87ff36d784650db65c916f16,0.42220398192429115
5,0.22,squirrel-unmodified,squirrel-n5201-h0.22-c5-unmodified-0.48p__0.2p,"--model gcn --hidden1 64 --early_stopping 40",131,0.33909690380096436,0.35216325521469116,0.3661862909793854,1.5365405082702637,1.5751378536224365,True,e3cfd53cd8ba567b484b8d53312cd849,0.48p__0.2p,0199972ea1c5eef5f77151b85223d061,0.42220398192429115
5,0.22,squirrel-unmodified,squirrel-n5201-h0.22-c5-unmodified-0.48p__0.2p,"--model gcn --hidden1 64 --early_stopping 200",279,0.361191064119339,0.38161036372184753,0.4483179450035095,1.4721733331680298,1.570436954498291,True,e3cfd53cd8ba567b484b8d53312cd849,0.48p__0.2p,ef1a4e5340d204a0bd2c0ddd1f19b341,0.42220398192429115
5,0.22,squirrel-unmodified,squirrel-n5201-h0.22-c5-unmodified-0.48p__0.2p,"--model gcn --hidden1 64 --early_stopping 100",217,0.33141201734542847,0.35757189989089966,0.44030511379241943,1.487626552581787,1.5659338235855103,True,e3cfd53cd8ba567b484b8d53312cd849,0.48p__0.2p,48a3e35343c688cf83c8e9e9d91df2ef,0.42220398192429115
5,0.22,squirrel-unmodified,squirrel-n5201-h0.22-c5-unmodified-0.48p__0.2p,"--model gcn --hidden1 64 --early_stopping 40",160,0.3535061180591583,0.3683892488479614,0.41947171092033386,1.5178762674331665,1.568636178970337,True,e3cfd53cd8ba567b484b8d53312cd849,0.48p__0.2p,45fb64b740b84995bee703a7d0763d8d,0.42220398192429115
5,0.22,squirrel-unmodified,squirrel-n5201-h0.22-c5-unmodified-0.48p__0.2p,"--model gcn --hidden1 64 --early_stopping 200",289,0.3535061180591583,0.3227161765098572,0.4439108967781067,1.4685007333755493,1.5779659748077393,True,e3cfd53cd8ba567b484b8d53312cd849,0.48p__0.2p,92cecdb02de21966696a2ac263a1cfea,0.42220398192429115
5,0.22,squirrel-unmodified,squirrel-n5201-h0.22-c5-unmodified-0.48p__0.2p,"--model gcn --hidden1 64 --early_stopping 100",195,0.37656086683273315,0.3407450020313263,0.4162665605545044,1.4982521533966064,1.585773229598999,True,e3cfd53cd8ba567b484b8d53312cd849,0.48p__0.2p,4d0fd9eca58149c5046c017f3f625f5c,0.42220398192429115
5,0.22,squirrel-unmodified,squirrel-n5201-h0.22-c5-unmodified-0.48p__0.2p,"--model gcn --hidden1 64 --early_stopping 40",98,0.3035541772842407,0.2788460850715637,0.34935933351516724,1.5506736040115356,1.5922019481658936,True,e3cfd53cd8ba567b484b8d53312cd849,0.48p__0.2p,3a42e709bdf81c0817e88bf697499982,0.42220398192429115
5,0.22,squirrel-unmodified,squirrel-n5201-h0.22-c5-unmodified-0.48p__0.2p,"--model gcn --hidden1 64 --early_stopping 200",241,0.35158491134643555,0.34735557436943054,0.46514493227005005,1.4613474607467651,1.5830228328704834,True,e3cfd53cd8ba567b484b8d53312cd849,0.48p__0.2p,5aac854dc657cb6931c8ace61d2ac688,0.42220398192429115
5,0.22,squirrel-unmodified,squirrel-n5201-h0.22-c5-unmodified-0.48p__0.2p,"--model gcn --hidden1 64 --early_stopping 100",148,0.3294907808303833,0.3251200318336487,0.41426336765289307,1.5105137825012207,1.586370825767517,True,e3cfd53cd8ba567b484b8d53312cd849,0.48p__0.2p,9f00cb9f8e90717a6f3d8d7b4e3f75a3,0.42220398192429115
5,0.22,squirrel-unmodified,squirrel-n5201-h0.22-c5-unmodified-0.48p__0.2p,"--model gcn --hidden1 64 --early_stopping 40",123,0.3294907808303833,0.3305286765098572,0.40905502438545227,1.5309125185012817,1.584505558013916,True,e3cfd53cd8ba567b484b8d53312cd849,0.48p__0.2p,8831fc222953034d103f897cae10d72d,0.42220398192429115
5,0.22,squirrel-unmodified,squirrel-n5201-h0.22-c5-unmodified-0.48p__0.2p,"--model gcn --hidden1 64 --early_stopping 200",239,0.33237260580062866,0.3329325318336487,0.441907674074173,1.472327470779419,1.5884933471679688,True,e3cfd53cd8ba567b484b8d53312cd849,0.48p__0.2p,c59648eb8abe9ce2e1737cba66dd99d1,0.42220398192429115
5,0.22,squirrel-unmodified,squirrel-n5201-h0.22-c5-unmodified-0.48p__0.2p,"--model gcn --hidden1 64 --early_stopping 100",150,0.3064360022544861,0.2932691276073456,0.41666722297668457,1.5133728981018066,1.596442461013794,True,e3cfd53cd8ba567b484b8d53312cd849,0.48p__0.2p,2e08b66c0d758b1beee63ec344b3ed19,0.42220398192429115
5,0.22,squirrel-unmodified,squirrel-n5201-h0.22-c5-unmodified-0.48p__0.2p,"--model gcn --hidden1 64 --early_stopping 40",150,0.3064360022544861,0.2932691276073456,0.41666722297668457,1.5133728981018066,1.596442461013794,True,e3cfd53cd8ba567b484b8d53312cd849,0.48p__0.2p,aac06cd052d665a6f141d02e4dbfa8ea,0.42220398192429115
5,0.22,squirrel-unmodified,squirrel-n5201-h0.22-c5-unmodified-0.48p__0.2p,"--model gcn --hidden1 64 --early_stopping 200",302,0.35254552960395813,0.3834132254123688,0.4667474925518036,1.4571638107299805,1.560152292251587,True,e3cfd53cd8ba567b484b8d53312cd849,0.48p__0.2p,b9035d0a8948c51a16f220bc7209ae51,0.42220398192429115
5,0.22,squirrel-unmodified,squirrel-n5201-h0.22-c5-unmodified-0.48p__0.2p,"--model gcn --hidden1 64 --early_stopping 100",218,0.34582120180130005,0.3719949722290039,0.4330935478210449,1.4922633171081543,1.5712707042694092,True,e3cfd53cd8ba567b484b8d53312cd849,0.48p__0.2p,729503f9a9c2cf1b1e9fa3010a7047a6,0.42220398192429115
5,0.22,squirrel-unmodified,squirrel-n5201-h0.22-c5-unmodified-0.48p__0.2p,"--model gcn --hidden1 64 --early_stopping 40",130,0.33429384231567383,0.3647834360599518,0.3778049051761627,1.5312774181365967,1.5718778371810913,True,e3cfd53cd8ba567b484b8d53312cd849,0.48p__0.2p,66ed59fbcd3caa2bd5f3f101ab6d4758,0.42220398192429115
5,0.11,texas-unmodified,texas-n183-h0.11-c5-unmodified-0.48p__0.2p,"--model gcn --hidden1 64 --early_stopping 200",202,0.4864864647388458,0.5254237055778503,0.7126438021659851,0.8532685041427612,1.344570279121399,True,e5f14edcb4fab9ff0f8d6820dc89cd78,0.48p__0.2p,28d057690dfb77ef7641878196ccc09e,0.1979261921103117
5,0.11,texas-unmodified,texas-n183-h0.11-c5-unmodified-0.48p__0.2p,"--model gcn --hidden1 64 --early_stopping 100",152,0.45945945382118225,0.5593219995498657,0.770115077495575,0.8216850757598877,1.2128655910491943,True,e5f14edcb4fab9ff0f8d6820dc89cd78,0.48p__0.2p,6e148eec939198e1b1b0226fff914adf,0.1979261921103117
5,0.11,texas-unmodified,texas-n183-h0.11-c5-unmodified-0.48p__0.2p,"--model gcn --hidden1 64 --early_stopping 40",133,0.45945945382118225,0.6101694703102112,0.770115077495575,0.8785657286643982,1.1986064910888672,True,e5f14edcb4fab9ff0f8d6820dc89cd78,0.48p__0.2p,bd967dbc7db04789fc7ae5bed8220496,0.1979261921103117
5,0.11,texas-unmodified,texas-n183-h0.11-c5-unmodified-0.48p__0.2p,"--model gcn --hidden1 64 --early_stopping 200",218,0.5405405163764954,0.6101694703102112,0.7586207985877991,0.836944043636322,1.3285859823226929,True,e5f14edcb4fab9ff0f8d6820dc89cd78,0.48p__0.2p,800b63e0a1eb51f3b3e62bd27c20198a,0.1979261921103117
5,0.11,texas-unmodified,texas-n183-h0.11-c5-unmodified-0.48p__0.2p,"--model gcn --hidden1 64 --early_stopping 100",156,0.5135135054588318,0.5762711763381958,0.7816093564033508,0.8238534927368164,1.3156168460845947,True,e5f14edcb4fab9ff0f8d6820dc89cd78,0.48p__0.2p,8717a7d5adee1f9a088c5ba5b125c821,0.1979261921103117
5,0.11,texas-unmodified,texas-n183-h0.11-c5-unmodified-0.48p__0.2p,"--model gcn --hidden1 64 --early_stopping 40",110,0.5675675272941589,0.5932202935218811,0.7241380214691162,0.9835628867149353,1.3011969327926636,True,e5f14edcb4fab9ff0f8d6820dc89cd78,0.48p__0.2p,5faec4fc3e0cee2c5dda5591e933c2a1,0.1979261921103117
5,0.11,texas-unmodified,texas-n183-h0.11-c5-unmodified-0.48p__0.2p,"--model gcn --hidden1 64 --early_stopping 200",202,0.5405405163764954,0.5593219995498657,0.7586207985877991,0.8615602254867554,1.3092498779296875,True,e5f14edcb4fab9ff0f8d6820dc89cd78,0.48p__0.2p,d862bd23769b4d23fa8883b38ca1d81d,0.1979261921103117
5,0.11,texas-unmodified,texas-n183-h0.11-c5-unmodified-0.48p__0.2p,"--model gcn --hidden1 64 --early_stopping 100",121,0.5675675272941589,0.6610169410705566,0.7356323003768921,0.9539999961853027,1.2307002544403076,True,e5f14edcb4fab9ff0f8d6820dc89cd78,0.48p__0.2p,6b02c69cf26419275eca82e8d60d0436,0.1979261921103117
5,0.11,texas-unmodified,texas-n183-h0.11-c5-unmodified-0.48p__0.2p,"--model gcn --hidden1 64 --early_stopping 40",85,0.5135135054588318,0.6440677642822266,0.6896553039550781,1.0795902013778687,1.2144726514816284,True,e5f14edcb4fab9ff0f8d6820dc89cd78,0.48p__0.2p,6cf5d2651d2c6943430111d6b5e7dbc3,0.1979261921103117
5,0.11,texas-unmodified,texas-n183-h0.11-c5-unmodified-0.48p__0.2p,"--model gcn --hidden1 64 --early_stopping 200",202,0.6486486196517944,0.5084745287895203,0.747126579284668,0.861659586429596,1.6666449308395386,True,e5f14edcb4fab9ff0f8d6820dc89cd78,0.48p__0.2p,d3b5ad5dd1e41c6f491c908e206a66e8,0.1979261921103117
5,0.11,texas-unmodified,texas-n183-h0.11-c5-unmodified-0.48p__0.2p,"--model gcn --hidden1 64 --early_stopping 100",102,0.6486486196517944,0.5084745287895203,0.7241380214691162,0.9540820717811584,1.5159121751785278,True,e5f14edcb4fab9ff0f8d6820dc89cd78,0.48p__0.2p,0c9fe3c991fd57fb7f6f8c58e82afb7d,0.1979261921103117
5,0.11,texas-unmodified,texas-n183-h0.11-c5-unmodified-0.48p__0.2p,"--model gcn --hidden1 64 --early_stopping 40",73,0.6486486196517944,0.49152541160583496,0.6781610250473022,1.0851153135299683,1.4640699625015259,True,e5f14edcb4fab9ff0f8d6820dc89cd78,0.48p__0.2p,7303d393cb9ed0e3660dd3518465fe91,0.1979261921103117
5,0.11,texas-unmodified,texas-n183-h0.11-c5-unmodified-0.48p__0.2p,"--model gcn --hidden1 64 --early_stopping 200",231,0.5675675272941589,0.5254237055778503,0.7816093564033508,0.8737542629241943,1.244706630706787,True,e5f14edcb4fab9ff0f8d6820dc89cd78,0.48p__0.2p,9e5b7466ebdf7e81fa6aa3212c1392b6,0.1979261921103117
5,0.11,texas-unmodified,texas-n183-h0.11-c5-unmodified-0.48p__0.2p,"--model gcn --hidden1 64 --early_stopping 100",154,0.6216216087341309,0.5084745287895203,0.6781610250473022,1.0571848154067993,1.2494454383850098,True,e5f14edcb4fab9ff0f8d6820dc89cd78,0.48p__0.2p,3c8f410b4bd32ff8a96ad7e4da0339ab,0.1979261921103117
5,0.11,texas-unmodified,texas-n183-h0.11-c5-unmodified-0.48p__0.2p,"--model gcn --hidden1 64 --early_stopping 40",107,0.6216216087341309,0.47457626461982727,0.6321840286254883,1.1760685443878174,1.2662763595581055,True,e5f14edcb4fab9ff0f8d6820dc89cd78,0.48p__0.2p,d900325e9ee459913273207a6a63fcea,0.1979261921103117
5,0.11,texas-unmodified,texas-n183-h0.11-c5-unmodified-0.48p__0.2p,"--model gcn --hidden1 64 --early_stopping 200",202,0.5675675272941589,0.5084745287895203,0.7586207985877991,0.805044412612915,1.381385326385498,True,e5f14edcb4fab9ff0f8d6820dc89cd78,0.48p__0.2p,242a3af9f8287ae87e2edb5640fcb5f2,0.1979261921103117
5,0.11,texas-unmodified,texas-n183-h0.11-c5-unmodified-0.48p__0.2p,"--model gcn --hidden1 64 --early_stopping 100",105,0.5675675272941589,0.5932202935218811,0.7471265196800232,0.9253357648849487,1.3478164672851562,True,e5f14edcb4fab9ff0f8d6820dc89cd78,0.48p__0.2p,abca3bf8032b257730a4a604a1c88e4a,0.1979261921103117
5,0.11,texas-unmodified,texas-n183-h0.11-c5-unmodified-0.48p__0.2p,"--model gcn --hidden1 64 --early_stopping 40",79,0.5675675272941589,0.5762711763381958,0.7126438021659851,1.0191669464111328,1.318816065788269,True,e5f14edcb4fab9ff0f8d6820dc89cd78,0.48p__0.2p,b75a0366a85c49727ab9df11a758828d,0.1979261921103117
5,0.11,texas-unmodified,texas-n183-h0.11-c5-unmodified-0.48p__0.2p,"--model gcn --hidden1 64 --early_stopping 200",202,0.5405405163764954,0.5423728823661804,0.7816093564033508,0.9100952744483948,1.3918029069900513,True,e5f14edcb4fab9ff0f8d6820dc89cd78,0.48p__0.2p,567f28679a5337a4b078098a01be377a,0.1979261921103117
5,0.11,texas-unmodified,texas-n183-h0.11-c5-unmodified-0.48p__0.2p,"--model gcn --hidden1 64 --early_stopping 100",105,0.5405405163764954,0.6271186470985413,0.7126438021659851,1.0902297496795654,1.2719135284423828,True,e5f14edcb4fab9ff0f8d6820dc89cd78,0.48p__0.2p,a2c42c3174d5c34f43a47546e79167f9,0.1979261921103117
5,0.11,texas-unmodified,texas-n183-h0.11-c5-unmodified-0.48p__0.2p,"--model gcn --hidden1 64 --early_stopping 40",74,0.6216216087341309,0.6440677642822266,0.6321840286254883,1.174978494644165,1.228488802909851,True,e5f14edcb4fab9ff0f8d6820dc89cd78,0.48p__0.2p,13a493722563e384e00f0cec0c394841,0.1979261921103117
5,0.11,texas-unmodified,texas-n183-h0.11-c5-unmodified-0.48p__0.2p,"--model gcn --hidden1 64 --early_stopping 200",202,0.4864864647388458,0.5593219995498657,0.7931035757064819,0.876067042350769,1.4273900985717773,True,e5f14edcb4fab9ff0f8d6820dc89cd78,0.48p__0.2p,a18d86494f9b607d2ff429550982aa89,0.1979261921103117
5,0.11,texas-unmodified,texas-n183-h0.11-c5-unmodified-0.48p__0.2p,"--model gcn --hidden1 64 --early_stopping 100",107,0.5405405163764954,0.5932202935218811,0.7126438021659851,1.0107636451721191,1.3052500486373901,True,e5f14edcb4fab9ff0f8d6820dc89cd78,0.48p__0.2p,754dfad638b63f3d66ad4e53d369e877,0.1979261921103117
5,0.11,texas-unmodified,texas-n183-h0.11-c5-unmodified-0.48p__0.2p,"--model gcn --hidden1 64 --early_stopping 40",70,0.5675675272941589,0.6101694703102112,0.6091954708099365,1.1441235542297363,1.2748316526412964,True,e5f14edcb4fab9ff0f8d6820dc89cd78,0.48p__0.2p,099b44d55ce6bfd380270158ade96dfe,0.1979261921103117
5,0.11,texas-unmodified,texas-n183-h0.11-c5-unmodified-0.48p__0.2p,"--model gcn --hidden1 64 --early_stopping 200",202,0.5945945978164673,0.4406779408454895,0.8390806317329407,0.8893676400184631,1.4146658182144165,True,e5f14edcb4fab9ff0f8d6820dc89cd78,0.48p__0.2p,d86c9f1fa669eb43587092900effc48f,0.1979261921103117
5,0.11,texas-unmodified,texas-n183-h0.11-c5-unmodified-0.48p__0.2p,"--model gcn --hidden1 64 --early_stopping 100",106,0.675675630569458,0.5593219995498657,0.724138081073761,1.1149386167526245,1.2798337936401367,True,e5f14edcb4fab9ff0f8d6820dc89cd78,0.48p__0.2p,e3b128321dec02c76e4be1cc7db57b0c,0.1979261921103117
5,0.11,texas-unmodified,texas-n183-h0.11-c5-unmodified-0.48p__0.2p,"--model gcn --hidden1 64 --early_stopping 40",75,0.6486486196517944,0.5593220591545105,0.6436782479286194,1.1960846185684204,1.2522770166397095,True,e5f14edcb4fab9ff0f8d6820dc89cd78,0.48p__0.2p,c958e824c725bfb75a94714f74172eb6,0.1979261921103117
5,0.11,texas-unmodified,texas-n183-h0.11-c5-unmodified-0.48p__0.2p,"--model gcn --hidden1 64 --early_stopping 200",210,0.675675630569458,0.5254237055778503,0.724138081073761,0.8410830497741699,1.3614094257354736,True,e5f14edcb4fab9ff0f8d6820dc89cd78,0.48p__0.2p,fc4a3eeafcb21ffa3bc7635ce4ef2c60,0.1979261921103117
5,0.11,texas-unmodified,texas-n183-h0.11-c5-unmodified-0.48p__0.2p,"--model gcn --hidden1 64 --early_stopping 100",159,0.675675630569458,0.5423728823661804,0.724138081073761,0.8540450930595398,1.3363265991210938,True,e5f14edcb4fab9ff0f8d6820dc89cd78,0.48p__0.2p,46eecf0fb249b5fc4f042af8146179c8,0.1979261921103117
5,0.11,texas-unmodified,texas-n183-h0.11-c5-unmodified-0.48p__0.2p,"--model gcn --hidden1 64 --early_stopping 40",100,0.6216216087341309,0.5254237055778503,0.7126438021659851,0.982117235660553,1.3512800931930542,True,e5f14edcb4fab9ff0f8d6820dc89cd78,0.48p__0.2p,2d84cb77b9586836a44c00b25cfcd3dc,0.1979261921103117
5,0.21,wisconsin-unmodified,wisconsin-n251-h0.21-c5-unmodified-0.48p__0.2p,"--model gcn --hidden1 64 --early_stopping 200",217,0.6078431010246277,0.5499999523162842,0.6666667461395264,1.0055744647979736,1.1723414659500122,True,f54ddc32338ab0eac9511aaa355b666a,0.48p__0.2p,3fd9fcf3353df1ea6a3a89c9a6329af8,0.20767919426170567
5,0.21,wisconsin-unmodified,wisconsin-n251-h0.21-c5-unmodified-0.48p__0.2p,"--model gcn --hidden1 64 --early_stopping 100",138,0.6470587253570557,0.5874999761581421,0.6750000715255737,1.0371063947677612,1.1624822616577148,True,f54ddc32338ab0eac9511aaa355b666a,0.48p__0.2p,b53c378aa9de89dfbb3342a7e2bb6248,0.20767919426170567
5,0.21,wisconsin-unmodified,wisconsin-n251-h0.21-c5-unmodified-0.48p__0.2p,"--model gcn --hidden1 64 --early_stopping 40",93,0.6274509429931641,0.5874999761581421,0.6250001192092896,1.1227989196777344,1.163522481918335,True,f54ddc32338ab0eac9511aaa355b666a,0.48p__0.2p,3b5b758aa0b1ae1c5a9b0dcf2835b71f,0.20767919426170567
5,0.21,wisconsin-unmodified,wisconsin-n251-h0.21-c5-unmodified-0.48p__0.2p,"--model gcn --hidden1 64 --early_stopping 200",202,0.5686274766921997,0.5625,0.7250001430511475,0.850023090839386,1.4702118635177612,True,f54ddc32338ab0eac9511aaa355b666a,0.48p__0.2p,66f36d7ecf3355145478a9d5330e22fb,0.20767919426170567
5,0.21,wisconsin-unmodified,wisconsin-n251-h0.21-c5-unmodified-0.48p__0.2p,"--model gcn --hidden1 64 --early_stopping 100",106,0.6862744688987732,0.5499999523162842,0.7000001072883606,0.9991073608398438,1.4375637769699097,True,f54ddc32338ab0eac9511aaa355b666a,0.48p__0.2p,410d169d962475c090d1c260bfbe873c,0.20767919426170567
5,0.21,wisconsin-unmodified,wisconsin-n251-h0.21-c5-unmodified-0.48p__0.2p,"--model gcn --hidden1 64 --early_stopping 40",70,0.7058823704719543,0.5374999642372131,0.6416667103767395,1.105985403060913,1.4240343570709229,True,f54ddc32338ab0eac9511aaa355b666a,0.48p__0.2p,89ed56ff0fabd58d1c9b4d645937f554,0.20767919426170567
5,0.21,wisconsin-unmodified,wisconsin-n251-h0.21-c5-unmodified-0.48p__0.2p,"--model gcn --hidden1 64 --early_stopping 200",204,0.5686274766921997,0.5249999761581421,0.708333432674408,0.859216570854187,1.2856026887893677,True,f54ddc32338ab0eac9511aaa355b666a,0.48p__0.2p,4d7114182159c633c1cc5292d53302dd,0.20767919426170567
5,0.21,wisconsin-unmodified,wisconsin-n251-h0.21-c5-unmodified-0.48p__0.2p,"--model gcn --hidden1 64 --early_stopping 100",153,0.5686274766921997,0.5625,0.7000001072883606,0.9383629560470581,1.2398771047592163,True,f54ddc32338ab0eac9511aaa355b666a,0.48p__0.2p,368a5b436dddc14a23dac6a16e66a76f,0.20767919426170567
5,0.21,wisconsin-unmodified,wisconsin-n251-h0.21-c5-unmodified-0.48p__0.2p,"--model gcn --hidden1 64 --early_stopping 40",102,0.5686274766921997,0.5624999403953552,0.6833334565162659,1.017948031425476,1.2492403984069824,True,f54ddc32338ab0eac9511aaa355b666a,0.48p__0.2p,76459a978f3d2369276a007e8765d5c9,0.20767919426170567
5,0.21,wisconsin-unmodified,wisconsin-n251-h0.21-c5-unmodified-0.48p__0.2p,"--model gcn --hidden1 64 --early_stopping 200",210,0.47058823704719543,0.5625,0.7166667580604553,0.9301953911781311,1.2877525091171265,True,f54ddc32338ab0eac9511aaa355b666a,0.48p__0.2p,154207c62c54a8c9328285fbefe8602e,0.20767919426170567
5,0.21,wisconsin-unmodified,wisconsin-n251-h0.21-c5-unmodified-0.48p__0.2p,"--model gcn --hidden1 64 --early_stopping 100",121,0.47058823704719543,0.574999988079071,0.6666667461395264,1.0064465999603271,1.2903389930725098,True,f54ddc32338ab0eac9511aaa355b666a,0.48p__0.2p,d2a0c78788ac65cb5213b332164e18b9,0.20767919426170567
5,0.21,wisconsin-unmodified,wisconsin-n251-h0.21-c5-unmodified-0.48p__0.2p,"--model gcn --hidden1 64 --early_stopping 40",89,0.5098039507865906,0.6124999523162842,0.6500000953674316,1.065616488456726,1.2600009441375732,True,f54ddc32338ab0eac9511aaa355b666a,0.48p__0.2p,6bd8f691a9e390cdca8d88689e4d24ef,0.20767919426170567
5,0.21,wisconsin-unmodified,wisconsin-n251-h0.21-c5-unmodified-0.48p__0.2p,"--model gcn --hidden1 64 --early_stopping 200",202,0.5490196347236633,0.512499988079071,0.708333432674408,0.9440832734107971,1.359500527381897,True,f54ddc32338ab0eac9511aaa355b666a,0.48p__0.2p,6d4d479f17efde0a0f840e8c9a2ffae6,0.20767919426170567
5,0.21,wisconsin-unmodified,wisconsin-n251-h0.21-c5-unmodified-0.48p__0.2p,"--model gcn --hidden1 64 --early_stopping 100",112,0.6078431606292725,0.5374999642372131,0.6500000953674316,0.9815099835395813,1.2984619140625,True,f54ddc32338ab0eac9511aaa355b666a,0.48p__0.2p,7ae68de39aef56c6fb7dca9c39451ede,0.20767919426170567
5,0.21,wisconsin-unmodified,wisconsin-n251-h0.21-c5-unmodified-0.48p__0.2p,"--model gcn --hidden1 64 --early_stopping 40",85,0.5490196347236633,0.5249999761581421,0.6250001192092896,1.0623726844787598,1.270562767982483,True,f54ddc32338ab0eac9511aaa355b666a,0.48p__0.2p,8d2ecd088234efd8b7d8874ed622952a,0.20767919426170567
5,0.21,wisconsin-unmodified,wisconsin-n251-h0.21-c5-unmodified-0.48p__0.2p,"--model gcn --hidden1 64 --early_stopping 200",207,0.5294117331504822,0.5625,0.708333432674408,0.9161524772644043,1.3347339630126953,True,f54ddc32338ab0eac9511aaa355b666a,0.48p__0.2p,276b723857d6d3a5f36e764a2c2bc75a,0.20767919426170567
5,0.21,wisconsin-unmodified,wisconsin-n251-h0.21-c5-unmodified-0.48p__0.2p,"--model gcn --hidden1 64 --early_stopping 100",142,0.5294117331504822,0.5499999523162842,0.708333432674408,0.9786635041236877,1.2769191265106201,True,f54ddc32338ab0eac9511aaa355b666a,0.48p__0.2p,a8379617d187dcc6dcb1174c97d3c408,0.20767919426170567
5,0.21,wisconsin-unmodified,wisconsin-n251-h0.21-c5-unmodified-0.48p__0.2p,"--model gcn --hidden1 64 --early_stopping 40",106,0.5490195751190186,0.5874999761581421,0.7000001072883606,1.0506701469421387,1.2717316150665283,True,f54ddc32338ab0eac9511aaa355b666a,0.48p__0.2p,37589723bf5e68500b43ca32a1f2155d,0.20767919426170567
5,0.21,wisconsin-unmodified,wisconsin-n251-h0.21-c5-unmodified-0.48p__0.2p,"--model gcn --hidden1 64 --early_stopping 200",221,0.6078431606292725,0.5124999284744263,0.7250001430511475,0.8889489769935608,1.2745636701583862,True,f54ddc32338ab0eac9511aaa355b666a,0.48p__0.2p,959d1aca85168f281f6d74b7b51d5d18,0.20767919426170567
5,0.21,wisconsin-unmodified,wisconsin-n251-h0.21-c5-unmodified-0.48p__0.2p,"--model gcn --hidden1 64 --early_stopping 100",136,0.6470588445663452,0.5625,0.7166667580604553,0.9990617036819458,1.2729049921035767,True,f54ddc32338ab0eac9511aaa355b666a,0.48p__0.2p,543a12b5a5b1edf6edb3342916a64233,0.20767919426170567
5,0.21,wisconsin-unmodified,wisconsin-n251-h0.21-c5-unmodified-0.48p__0.2p,"--model gcn --hidden1 64 --early_stopping 40",103,0.6862744688987732,0.5499999523162842,0.7000001072883606,1.0398356914520264,1.261063814163208,True,f54ddc32338ab0eac9511aaa355b666a,0.48p__0.2p,ecee354b8cf4f8c40b8753a76d2e0492,0.20767919426170567
5,0.21,wisconsin-unmodified,wisconsin-n251-h0.21-c5-unmodified-0.48p__0.2p,"--model gcn --hidden1 64 --early_stopping 200",224,0.529411792755127,0.6124999523162842,0.7333334684371948,0.8886226415634155,1.1971149444580078,True,f54ddc32338ab0eac9511aaa355b666a,0.48p__0.2p,d9bb3f51f16ca247f0044b583d68b6cd,0.20767919426170567
5,0.21,wisconsin-unmodified,wisconsin-n251-h0.21-c5-unmodified-0.48p__0.2p,"--model gcn --hidden1 64 --early_stopping 100",157,0.5490196347236633,0.6124999523162842,0.6916667819023132,0.9324334859848022,1.1763790845870972,True,f54ddc32338ab0eac9511aaa355b666a,0.48p__0.2p,ed8440d4be4706cca513704cedb2d30a,0.20767919426170567
5,0.21,wisconsin-unmodified,wisconsin-n251-h0.21-c5-unmodified-0.48p__0.2p,"--model gcn --hidden1 64 --early_stopping 40",114,0.5686274766921997,0.6374999284744263,0.6916667819023132,1.0129374265670776,1.172504186630249,True,f54ddc32338ab0eac9511aaa355b666a,0.48p__0.2p,3918c150ee58424c3fa73732f337457f,0.20767919426170567
5,0.21,wisconsin-unmodified,wisconsin-n251-h0.21-c5-unmodified-0.48p__0.2p,"--model gcn --hidden1 64 --early_stopping 200",202,0.529411792755127,0.5874999761581421,0.7666667699813843,0.8764881491661072,1.3666495084762573,True,f54ddc32338ab0eac9511aaa355b666a,0.48p__0.2p,07e4900840a3a7a04c9066a4d94841ed,0.20767919426170567
5,0.21,wisconsin-unmodified,wisconsin-n251-h0.21-c5-unmodified-0.48p__0.2p,"--model gcn --hidden1 64 --early_stopping 100",112,0.5882353186607361,0.5749999284744263,0.6666667461395264,0.984310507774353,1.3435707092285156,True,f54ddc32338ab0eac9511aaa355b666a,0.48p__0.2p,3abbf59e4aad230fb036d12ea9d9a905,0.20767919426170567
5,0.21,wisconsin-unmodified,wisconsin-n251-h0.21-c5-unmodified-0.48p__0.2p,"--model gcn --hidden1 64 --early_stopping 40",74,0.5686274766921997,0.5749999284744263,0.6500000953674316,1.0557423830032349,1.3322975635528564,True,f54ddc32338ab0eac9511aaa355b666a,0.48p__0.2p,a21c602f3be8ccad4f67f0907f0c22af,0.20767919426170567
5,0.21,wisconsin-unmodified,wisconsin-n251-h0.21-c5-unmodified-0.48p__0.2p,"--model gcn --hidden1 64 --early_stopping 200",204,0.5686274766921997,0.4874999523162842,0.7250001430511475,0.9123466610908508,1.302952527999878,True,f54ddc32338ab0eac9511aaa355b666a,0.48p__0.2p,87e0e5ecb8d15056315e881003a03c1c,0.20767919426170567
5,0.21,wisconsin-unmodified,wisconsin-n251-h0.21-c5-unmodified-0.48p__0.2p,"--model gcn --hidden1 64 --early_stopping 100",127,0.6078431606292725,0.5249999761581421,0.6666667461395264,1.0214653015136719,1.2716996669769287,True,f54ddc32338ab0eac9511aaa355b666a,0.48p__0.2p,96ee48c71f63a7440922045342a43eda,0.20767919426170567
5,0.21,wisconsin-unmodified,wisconsin-n251-h0.21-c5-unmodified-0.48p__0.2p,"--model gcn --hidden1 64 --early_stopping 40",88,0.5882353186607361,0.5499999523162842,0.6333334445953369,1.061467170715332,1.2706412076950073,True,f54ddc32338ab0eac9511aaa355b666a,0.48p__0.2p,28d71b5e87d02d838a0dfe9d234fb3cc,0.20767919426170567
