,dataset,lr,epoch,hidden,dropout,weight_decay,alpha,beta,gamma,norm_layers,orders,high_train,high_valid,final_train,final_test
0,arxiv-year,0.01,500,256,0.0,0.0,1.0,0.1,0.9,2,1,44.16,36.25,38.63,36.56
1,arxiv-year,0.01,500,256,0.0,0.0,1.0,0.1,0.9,2,2,49.11,43.67,48.74,43.50
2,arxiv-year,0.01,500,256,0.0,0.0,1.0,0.1,0.9,2,3,49.06,45.49,48.84,45.47
3,arxiv-year,0.01,500,256,0.0,0.0,1.0,1.0,0.9,2,1,47.49,41.00,47.15,41.29
4,arxiv-year,0.01,500,256,0.0,0.0,1.0,1.0,0.9,2,2,51.69,47.69,51.40,47.41
5,arxiv-year,0.01,500,256,0.0,0.0,1.0,1.0,0.9,2,3,44.88,44.28,44.76,44.28
6,arxiv-year,0.01,500,256,0.0,0.0,1.0,10.0,0.9,2,1,50.54,43.99,50.27,44.18
7,arxiv-year,0.01,500,256,0.0,0.0,1.0,10.0,0.9,2,2,49.30,47.00,49.30,47.15
8,arxiv-year,0.01,500,256,0.0,0.0,1.0,10.0,0.9,2,3,45.27,44.49,45.17,44.65
9,arxiv-year,0.01,500,256,0.0,0.0,1.0,100.0,0.9,2,1,51.62,46.11,51.31,46.13
10,arxiv-year,0.01,500,256,0.0,0.0,1.0,100.0,0.9,2,2,48.56,47.07,48.19,47.33
11,arxiv-year,0.01,500,256,0.0,0.0,1.0,100.0,0.9,2,3,43.50,42.60,43.33,43.22
12,arxiv-year,0.01,500,256,0.0,0.0,1.0,1000.0,0.9,2,1,49.13,45.80,48.89,46.09
13,arxiv-year,0.01,500,256,0.0,0.0,1.0,1000.0,0.9,2,2,43.09,42.73,43.08,42.72
14,arxiv-year,0.01,500,256,0.0,0.0,1.0,1000.0,0.9,2,3,42.48,42.13,42.48,42.57
15,pokec,0.01,500,256,0.0,0.0,1.0,0.1,0.9,2,1,61.73,61.78,61.73,61.65
16,pokec,0.01,500,256,0.0,0.0,1.0,0.1,0.9,2,2,61.73,61.78,61.73,61.67
17,pokec,0.01,500,256,0.0,0.0,1.0,0.1,0.9,2,3,62.86,62.87,62.86,62.85
18,pokec,0.01,500,256,0.0,0.0,1.0,1.0,0.9,2,1,62.03,62.07,62.02,61.89
19,pokec,0.01,500,256,0.0,0.0,1.0,1.0,0.9,2,2,62.19,62.22,62.19,62.02
20,pokec,0.01,500,256,0.0,0.0,1.0,1.0,0.9,2,3,62.42,62.37,62.42,62.33
21,pokec,0.01,500,256,0.0,0.0,1.0,10.0,0.9,2,1,61.79,61.82,61.79,61.65
22,pokec,0.01,500,256,0.0,0.0,1.0,10.0,0.9,2,2,64.55,64.48,64.55,64.43
23,pokec,0.01,500,256,0.0,0.0,1.0,10.0,0.9,2,3,68.50,68.58,68.50,68.46
24,pokec,0.01,500,256,0.0,0.0,1.0,100.0,0.9,2,1,61.88,61.88,61.88,61.84
25,pokec,0.01,500,256,0.0,0.0,1.0,100.0,0.9,2,2,64.90,64.93,64.90,64.82
26,pokec,0.01,500,256,0.0,0.0,1.0,100.0,0.9,2,3,69.93,69.90,69.86,69.81
27,pokec,0.01,500,256,0.0,0.0,1.0,1000.0,0.9,2,1,75.19,75.16,75.19,75.24
28,pokec,0.01,500,256,0.0,0.0,1.0,1000.0,0.9,2,2,73.45,73.45,73.44,73.43
29,pokec,0.01,500,256,0.0,0.0,1.0,1000.0,0.9,2,3,65.73,65.73,65.73,65.71
30,snap-patents,0.01,500,256,0.0,0.0,1.0,0.1,0.9,2,1,32.53,31.54,32.44,31.58
31,snap-patents,0.01,500,256,0.0,0.0,1.0,0.1,0.9,2,2,32.59,31.57,32.43,31.60
32,snap-patents,0.01,500,256,0.0,0.0,1.0,0.1,0.9,2,3,32.73,31.75,32.73,31.77
33,snap-patents,0.01,500,256,0.0,0.0,1.0,1.0,0.9,2,1,32.55,31.57,32.09,31.48
34,snap-patents,0.01,500,256,0.0,0.0,1.0,1.0,0.9,2,2,32.94,32.01,32.94,31.98
35,snap-patents,0.01,500,256,0.0,0.0,1.0,1.0,0.9,2,3,39.85,39.63,39.85,39.61
36,snap-patents,0.01,500,256,0.0,0.0,1.0,10.0,0.9,2,1,38.62,38.19,38.57,38.23
37,snap-patents,0.01,500,256,0.0,0.0,1.0,10.0,0.9,2,2,53.13,52.48,53.13,52.38
38,snap-patents,0.01,500,256,0.0,0.0,1.0,10.0,0.9,2,3,49.64,49.34,49.64,49.30
39,snap-patents,0.01,500,256,0.0,0.0,1.0,100.0,0.9,2,1,49.12,48.17,49.10,48.16
40,snap-patents,0.01,500,256,0.0,0.0,1.0,100.0,0.9,2,2,53.84,53.15,53.84,53.05
41,snap-patents,0.01,500,256,0.0,0.0,1.0,100.0,0.9,2,3,54.26,53.71,54.26,53.78
42,snap-patents,0.01,500,256,0.0,0.0,1.0,1000.0,0.9,2,1,49.55,48.72,49.55,48.73
43,snap-patents,0.01,500,256,0.0,0.0,1.0,1000.0,0.9,2,2,54.32,53.79,54.32,53.81
44,snap-patents,0.01,500,256,0.0,0.0,1.0,1000.0,0.9,2,3,54.80,54.51,54.80,54.42
45,genius,0.01,500,256,0.0,0.0,1.0,0.1,0.9,2,1,88.48,88.54,88.48,88.55
46,genius,0.01,500,256,0.0,0.0,1.0,0.1,0.9,2,2,87.30,87.24,87.30,87.28
47,genius,0.01,500,256,0.0,0.0,1.0,0.1,0.9,2,3,87.13,87.19,87.13,87.19
48,genius,0.01,500,256,0.0,0.0,1.0,1.0,0.9,2,1,86.52,86.54,86.52,86.54
49,genius,0.01,500,256,0.0,0.0,1.0,1.0,0.9,2,2,86.87,86.81,86.87,86.91
50,genius,0.01,500,256,0.0,0.0,1.0,1.0,0.9,2,3,87.13,87.11,87.02,87.12
51,genius,0.01,500,256,0.0,0.0,1.0,10.0,0.9,2,1,88.15,88.21,88.15,88.24
52,genius,0.01,500,256,0.0,0.0,1.0,10.0,0.9,2,2,87.29,87.31,87.29,87.29
53,genius,0.01,500,256,0.0,0.0,1.0,10.0,0.9,2,3,87.04,87.08,87.04,87.10
54,genius,0.01,500,256,0.0,0.0,1.0,100.0,0.9,2,1,88.46,88.51,88.45,88.52
55,genius,0.01,500,256,0.0,0.0,1.0,100.0,0.9,2,2,87.08,87.05,87.04,87.03
56,genius,0.01,500,256,0.0,0.0,1.0,100.0,0.9,2,3,87.90,87.83,87.90,87.90
57,genius,0.01,500,256,0.0,0.0,1.0,1000.0,0.9,2,1,88.31,88.36,88.31,88.39
58,genius,0.01,500,256,0.0,0.0,1.0,1000.0,0.9,2,2,88.02,87.89,88.02,88.09
59,genius,0.01,500,256,0.0,0.0,1.0,1000.0,0.9,2,3,87.79,87.72,87.79,87.77
0,twitch-gamer,0.01,1000,256,0.0,0.0,1.0,0.1,0.1,2,1,61.78,61.46,61.64,61.24
1,twitch-gamer,0.01,1000,256,0.0,0.0,1.0,0.1,0.1,2,2,61.97,61.71,61.83,61.49
2,twitch-gamer,0.01,1000,256,0.0,0.0,1.0,0.1,0.1,2,3,60.65,60.18,60.65,60.38
3,twitch-gamer,0.01,1000,256,0.0,0.0,1.0,0.1,0.5,2,1,61.97,61.56,61.69,61.33
4,twitch-gamer,0.01,1000,256,0.0,0.0,1.0,0.1,0.5,2,2,62.11,61.88,62.02,61.70
5,twitch-gamer,0.01,1000,256,0.0,0.0,1.0,0.1,0.5,2,3,60.20,59.84,60.06,59.99
6,twitch-gamer,0.01,1000,256,0.0,0.0,1.0,0.1,0.9,2,1,62.17,61.94,62.10,61.87
7,twitch-gamer,0.01,1000,256,0.0,0.0,1.0,0.1,0.9,2,2,62.11,61.97,62.01,61.75
8,twitch-gamer,0.01,1000,256,0.0,0.0,1.0,0.1,0.9,2,3,60.44,60.29,60.41,60.07
9,twitch-gamer,0.01,1000,256,0.0,0.0,1.0,10.0,0.1,2,1,62.13,61.90,62.13,61.90
10,twitch-gamer,0.01,1000,256,0.0,0.0,1.0,10.0,0.1,2,2,60.91,60.55,60.91,60.71
11,twitch-gamer,0.01,1000,256,0.0,0.0,1.0,10.0,0.1,2,3,57.07,57.31,57.07,57.68
12,twitch-gamer,0.01,1000,256,0.0,0.0,1.0,10.0,0.5,2,1,62.36,62.15,62.29,62.05
13,twitch-gamer,0.01,1000,256,0.0,0.0,1.0,10.0,0.5,2,2,61.31,61.03,61.19,60.97
14,twitch-gamer,0.01,1000,256,0.0,0.0,1.0,10.0,0.5,2,3,59.49,59.49,59.43,59.48
15,twitch-gamer,0.01,1000,256,0.0,0.0,1.0,10.0,0.9,2,1,62.38,62.30,62.36,62.19
16,twitch-gamer,0.01,1000,256,0.0,0.0,1.0,10.0,0.9,2,2,61.46,61.18,61.43,61.16
17,twitch-gamer,0.01,1000,256,0.0,0.0,1.0,10.0,0.9,2,3,52.45,52.38,52.35,52.52
18,twitch-gamer,0.01,1000,256,0.0,0.0,1.0,1000.0,0.1,2,1,61.80,61.57,61.78,61.71
19,twitch-gamer,0.01,1000,256,0.0,0.0,1.0,1000.0,0.1,2,2,58.46,58.49,58.46,58.40
20,twitch-gamer,0.01,1000,256,0.0,0.0,1.0,1000.0,0.1,2,3,53.97,53.93,53.94,53.91
21,twitch-gamer,0.01,1000,256,0.0,0.0,1.0,1000.0,0.5,2,1,62.50,62.61,62.36,62.55
22,twitch-gamer,0.01,1000,256,0.0,0.0,1.0,1000.0,0.5,2,2,58.79,58.35,58.78,58.54
23,twitch-gamer,0.01,1000,256,0.0,0.0,1.0,1000.0,0.5,2,3,53.33,53.25,53.21,53.53
24,twitch-gamer,0.01,1000,256,0.0,0.0,1.0,1000.0,0.9,2,1,62.25,61.88,62.19,61.91
25,twitch-gamer,0.01,1000,256,0.0,0.0,1.0,1000.0,0.9,2,2,60.10,59.88,60.10,59.90
26,twitch-gamer,0.01,1000,256,0.0,0.0,1.0,1000.0,0.9,2,3,51.90,51.80,51.90,52.05
27,fb100,0.01,1000,256,0.0,0.0,1.0,0.1,0.1,2,1,98.94,73.87,80.42,74.44
28,fb100,0.01,1000,256,0.0,0.0,1.0,0.1,0.1,2,2,98.96,74.57,80.23,74.48
29,fb100,0.01,1000,256,0.0,0.0,1.0,0.1,0.1,2,3,99.00,73.86,81.70,74.32
30,fb100,0.01,1000,256,0.0,0.0,1.0,0.1,0.5,2,1,98.94,73.99,81.25,74.76
31,fb100,0.01,1000,256,0.0,0.0,1.0,0.1,0.5,2,2,99.19,74.15,80.74,73.99
32,fb100,0.01,1000,256,0.0,0.0,1.0,0.1,0.5,2,3,96.93,73.11,82.27,73.77
33,fb100,0.01,1000,256,0.0,0.0,1.0,0.1,0.9,2,1,99.25,73.73,80.97,74.08
34,fb100,0.01,1000,256,0.0,0.0,1.0,0.1,0.9,2,2,98.98,74.31,80.52,74.69
35,fb100,0.01,1000,256,0.0,0.0,1.0,0.1,0.9,2,3,97.58,73.93,81.70,74.30
36,fb100,0.01,1000,256,0.0,0.0,1.0,10.0,0.1,2,1,99.00,74.38,81.13,74.59
37,fb100,0.01,1000,256,0.0,0.0,1.0,10.0,0.1,2,2,99.73,77.13,86.02,77.44
38,fb100,0.01,1000,256,0.0,0.0,1.0,10.0,0.1,2,3,72.24,70.91,72.10,70.72
39,fb100,0.01,1000,256,0.0,0.0,1.0,10.0,0.5,2,1,99.28,73.67,80.52,73.88
40,fb100,0.01,1000,256,0.0,0.0,1.0,10.0,0.5,2,2,99.08,76.23,80.63,76.22
41,fb100,0.01,1000,256,0.0,0.0,1.0,10.0,0.5,2,3,78.48,74.02,78.48,73.90
42,fb100,0.01,1000,256,0.0,0.0,1.0,10.0,0.9,2,1,99.84,74.02,80.48,73.79
43,fb100,0.01,1000,256,0.0,0.0,1.0,10.0,0.9,2,2,98.89,75.56,83.25,75.41
44,fb100,0.01,1000,256,0.0,0.0,1.0,10.0,0.9,2,3,84.34,75.85,84.25,75.36
45,fb100,0.01,1000,256,0.0,0.0,1.0,1000.0,0.1,2,1,100.00,80.80,86.01,80.71
46,fb100,0.01,1000,256,0.0,0.0,1.0,1000.0,0.1,2,2,86.26,80.82,85.09,80.41
47,fb100,0.01,1000,256,0.0,0.0,1.0,1000.0,0.1,2,3,52.89,53.47,52.88,52.27
48,fb100,0.01,1000,256,0.0,0.0,1.0,1000.0,0.5,2,1,100.00,81.46,90.43,80.82
49,fb100,0.01,1000,256,0.0,0.0,1.0,1000.0,0.5,2,2,95.62,81.75,89.15,81.60
50,fb100,0.01,1000,256,0.0,0.0,1.0,1000.0,0.5,2,3,65.21,64.41,65.21,63.25
51,fb100,0.01,1000,256,0.0,0.0,1.0,1000.0,0.9,2,1,99.88,76.64,82.21,75.90
52,fb100,0.01,1000,256,0.0,0.0,1.0,1000.0,0.9,2,2,88.60,81.60,88.60,80.79
53,fb100,0.01,1000,256,0.0,0.0,1.0,1000.0,0.9,2,3,81.03,73.99,81.01,74.10
54,arxiv-year,0.01,1000,256,0.0,0.0,1.0,0.1,0.1,2,1,45.14,36.43,39.19,36.61
55,arxiv-year,0.01,1000,256,0.0,0.0,1.0,0.1,0.1,2,2,45.95,36.40,38.41,36.48
56,arxiv-year,0.01,1000,256,0.0,0.0,1.0,0.1,0.1,2,3,47.36,40.47,44.38,40.73
57,arxiv-year,0.01,1000,256,0.0,0.0,1.0,0.1,0.5,2,1,46.65,36.34,38.09,36.58
58,arxiv-year,0.01,1000,256,0.0,0.0,1.0,0.1,0.5,2,2,46.60,36.39,37.57,36.66
59,arxiv-year,0.01,1000,256,0.0,0.0,1.0,0.1,0.5,2,3,48.68,45.00,48.38,45.16
60,arxiv-year,0.01,1000,256,0.0,0.0,1.0,0.1,0.9,2,1,46.84,36.25,38.53,36.60
61,arxiv-year,0.01,1000,256,0.0,0.0,1.0,0.1,0.9,2,2,53.72,45.72,52.67,45.86
62,arxiv-year,0.01,1000,256,0.0,0.0,1.0,0.1,0.9,2,3,51.85,47.11,51.47,47.03
63,arxiv-year,0.01,1000,256,0.0,0.0,1.0,10.0,0.1,2,1,51.16,39.53,50.20,39.57
64,arxiv-year,0.01,1000,256,0.0,0.0,1.0,10.0,0.1,2,2,49.97,47.75,49.71,47.72
65,arxiv-year,0.01,1000,256,0.0,0.0,1.0,10.0,0.1,2,3,44.52,44.39,44.52,44.34
66,arxiv-year,0.01,1000,256,0.0,0.0,1.0,10.0,0.5,2,1,54.47,45.66,54.38,45.75
67,arxiv-year,0.01,1000,256,0.0,0.0,1.0,10.0,0.5,2,2,53.26,49.36,52.94,49.35
68,arxiv-year,0.01,1000,256,0.0,0.0,1.0,10.0,0.5,2,3,49.60,48.44,49.54,48.46
69,arxiv-year,0.01,1000,256,0.0,0.0,1.0,10.0,0.9,2,1,54.58,45.32,53.82,45.73
70,arxiv-year,0.01,1000,256,0.0,0.0,1.0,10.0,0.9,2,2,54.61,49.87,54.46,49.77
71,arxiv-year,0.01,1000,256,0.0,0.0,1.0,10.0,0.9,2,3,46.88,45.85,46.77,46.35
72,arxiv-year,0.01,1000,256,0.0,0.0,1.0,1000.0,0.1,2,1,55.43,47.30,54.76,47.28
73,arxiv-year,0.01,1000,256,0.0,0.0,1.0,1000.0,0.1,2,2,51.14,48.97,50.99,49.38
74,arxiv-year,0.01,1000,256,0.0,0.0,1.0,1000.0,0.1,2,3,48.09,47.04,48.09,47.04
75,arxiv-year,0.01,1000,256,0.0,0.0,1.0,1000.0,0.5,2,1,56.70,48.05,56.08,47.96
76,arxiv-year,0.01,1000,256,0.0,0.0,1.0,1000.0,0.5,2,2,48.49,47.43,48.47,47.47
77,arxiv-year,0.01,1000,256,0.0,0.0,1.0,1000.0,0.5,2,3,46.57,45.74,46.57,45.97
78,arxiv-year,0.01,1000,256,0.0,0.0,1.0,1000.0,0.9,2,1,55.78,48.21,55.78,48.36
79,arxiv-year,0.01,1000,256,0.0,0.0,1.0,1000.0,0.9,2,2,45.84,44.80,45.84,44.87
80,arxiv-year,0.01,1000,256,0.0,0.0,1.0,1000.0,0.9,2,3,43.93,43.48,43.87,43.79
81,genius,0.01,1000,256,0.0,0.0,1.0,0.1,0.1,2,1,87.53,87.60,87.53,87.48
82,genius,0.01,1000,256,0.0,0.0,1.0,0.1,0.1,2,2,85.60,85.48,85.60,85.71
83,genius,0.01,1000,256,0.0,0.0,1.0,0.1,0.1,2,3,85.75,85.62,85.75,85.76
84,genius,0.01,1000,256,0.0,0.0,1.0,0.1,0.5,2,1,87.12,87.01,87.12,87.12
85,genius,0.01,1000,256,0.0,0.0,1.0,0.1,0.5,2,2,86.67,86.58,86.67,86.65
86,genius,0.01,1000,256,0.0,0.0,1.0,0.1,0.5,2,3,86.51,86.54,86.51,86.54
87,genius,0.01,1000,256,0.0,0.0,1.0,0.1,0.9,2,1,85.43,85.46,85.43,85.53
88,genius,0.01,1000,256,0.0,0.0,1.0,0.1,0.9,2,2,87.28,87.28,87.28,87.32
89,genius,0.01,1000,256,0.0,0.0,1.0,0.1,0.9,2,3,87.06,87.17,87.05,87.18
90,genius,0.01,1000,256,0.0,0.0,1.0,10.0,0.1,2,1,87.77,87.82,87.77,87.82
91,genius,0.01,1000,256,0.0,0.0,1.0,10.0,0.1,2,2,87.19,87.09,87.19,87.26
92,genius,0.01,1000,256,0.0,0.0,1.0,10.0,0.1,2,3,86.90,86.87,86.90,86.94
93,genius,0.01,1000,256,0.0,0.0,1.0,10.0,0.5,2,1,87.19,87.26,87.19,87.27
94,genius,0.01,1000,256,0.0,0.0,1.0,10.0,0.5,2,2,87.30,87.17,87.25,87.34
95,genius,0.01,1000,256,0.0,0.0,1.0,10.0,0.5,2,3,87.02,86.86,86.83,86.88
96,genius,0.01,1000,256,0.0,0.0,1.0,10.0,0.9,2,1,88.26,88.37,88.26,88.40
97,genius,0.01,1000,256,0.0,0.0,1.0,10.0,0.9,2,2,87.80,87.74,87.78,87.80
98,genius,0.01,1000,256,0.0,0.0,1.0,10.0,0.9,2,3,88.05,87.92,88.05,87.95
99,genius,0.01,1000,256,0.0,0.0,1.0,1000.0,0.1,2,1,88.32,88.37,88.32,88.33
100,genius,0.01,1000,256,0.0,0.0,1.0,1000.0,0.1,2,2,86.98,86.94,86.98,87.08
101,genius,0.01,1000,256,0.0,0.0,1.0,1000.0,0.1,2,3,88.04,87.87,88.04,88.10
102,genius,0.01,1000,256,0.0,0.0,1.0,1000.0,0.5,2,1,87.26,87.32,87.26,87.33
103,genius,0.01,1000,256,0.0,0.0,1.0,1000.0,0.5,2,2,87.63,87.57,87.47,87.58
104,genius,0.01,1000,256,0.0,0.0,1.0,1000.0,0.5,2,3,88.21,88.08,88.21,88.21
105,genius,0.01,1000,256,0.0,0.0,1.0,1000.0,0.9,2,1,88.45,88.47,88.45,88.54
106,genius,0.01,1000,256,0.0,0.0,1.0,1000.0,0.9,2,2,87.78,87.73,87.78,87.78
107,genius,0.01,1000,256,0.0,0.0,1.0,1000.0,0.9,2,3,87.87,87.73,87.87,87.97
108,pokec,0.01,1000,256,0.0,0.0,1.0,0.1,0.1,2,1,62.56,62.53,62.56,62.30
109,pokec,0.01,1000,256,0.0,0.0,1.0,0.1,0.1,2,2,62.61,62.57,62.60,62.36
110,pokec,0.01,1000,256,0.0,0.0,1.0,0.1,0.1,2,3,62.64,62.58,62.63,62.42
111,pokec,0.01,1000,256,0.0,0.0,1.0,0.1,0.5,2,1,62.41,62.40,62.41,62.27
112,pokec,0.01,1000,256,0.0,0.0,1.0,0.1,0.5,2,2,62.50,62.45,62.50,62.29
113,pokec,0.01,1000,256,0.0,0.0,1.0,0.1,0.5,2,3,62.55,62.49,62.53,62.27
114,pokec,0.01,1000,256,0.0,0.0,1.0,0.1,0.9,2,1,62.27,62.27,62.25,62.11
115,pokec,0.01,1000,256,0.0,0.0,1.0,0.1,0.9,2,2,62.52,62.51,62.52,62.35
116,pokec,0.01,1000,256,0.0,0.0,1.0,0.1,0.9,2,3,69.54,69.63,69.54,69.48
117,pokec,0.01,1000,256,0.0,0.0,1.0,10.0,0.1,2,1,62.63,62.58,62.63,62.40
118,pokec,0.01,1000,256,0.0,0.0,1.0,10.0,0.1,2,2,62.88,62.84,62.88,62.64
119,pokec,0.01,1000,256,0.0,0.0,1.0,10.0,0.1,2,3,66.18,66.16,66.18,66.07
120,pokec,0.01,1000,256,0.0,0.0,1.0,10.0,0.5,2,1,62.50,62.48,62.49,62.32
121,pokec,0.01,1000,256,0.0,0.0,1.0,10.0,0.5,2,2,68.87,68.88,68.87,68.78
122,pokec,0.01,1000,256,0.0,0.0,1.0,10.0,0.5,2,3,73.70,73.63,73.70,73.68
123,pokec,0.01,1000,256,0.0,0.0,1.0,10.0,0.9,2,1,63.75,63.66,63.75,63.50
124,pokec,0.01,1000,256,0.0,0.0,1.0,10.0,0.9,2,2,75.03,75.06,75.03,75.06
125,pokec,0.01,1000,256,0.0,0.0,1.0,10.0,0.9,2,3,77.00,77.00,77.00,77.10
126,pokec,0.01,1000,256,0.0,0.0,1.0,1000.0,0.1,2,1,62.86,62.83,62.85,62.62
127,pokec,0.01,1000,256,0.0,0.0,1.0,1000.0,0.1,2,2,72.65,72.69,72.65,72.63
128,pokec,0.01,1000,256,0.0,0.0,1.0,1000.0,0.1,2,3,73.52,73.51,73.52,73.50
129,pokec,0.01,1000,256,0.0,0.0,1.0,1000.0,0.5,2,1,74.75,74.79,74.75,74.84
130,pokec,0.01,1000,256,0.0,0.0,1.0,1000.0,0.5,2,2,73.15,73.16,73.15,73.14
131,pokec,0.01,1000,256,0.0,0.0,1.0,1000.0,0.5,2,3,67.97,67.97,67.97,67.94
132,pokec,0.01,1000,256,0.0,0.0,1.0,1000.0,0.9,2,1,75.95,75.97,75.95,75.99
133,pokec,0.01,1000,256,0.0,0.0,1.0,1000.0,0.9,2,2,75.92,75.90,75.92,76.05
134,pokec,0.01,1000,256,0.0,0.0,1.0,1000.0,0.9,2,3,63.44,63.45,63.44,63.35
135,snap-patents,0.01,1000,256,0.0,0.0,1.0,0.1,0.1,2,1,32.38,31.56,32.32,31.52
136,snap-patents,0.01,1000,256,0.0,0.0,1.0,0.1,0.1,2,2,32.43,31.54,32.30,31.54
137,snap-patents,0.01,1000,256,0.0,0.0,1.0,0.1,0.1,2,3,32.40,31.54,32.23,31.50
138,snap-patents,0.01,1000,256,0.0,0.0,1.0,0.1,0.5,2,1,32.58,31.53,32.54,31.55
139,snap-patents,0.01,1000,256,0.0,0.0,1.0,0.1,0.5,2,2,32.57,31.54,32.53,31.58
140,snap-patents,0.01,1000,256,0.0,0.0,1.0,0.1,0.5,2,3,32.60,31.59,32.53,31.60
141,snap-patents,0.01,1000,256,0.0,0.0,1.0,0.1,0.9,2,1,32.67,31.55,32.55,31.54
142,snap-patents,0.01,1000,256,0.0,0.0,1.0,0.1,0.9,2,2,32.71,31.60,32.70,31.66
143,snap-patents,0.01,1000,256,0.0,0.0,1.0,0.1,0.9,2,3,35.52,34.93,35.52,34.91
144,snap-patents,0.01,1000,256,0.0,0.0,1.0,10.0,0.1,2,1,32.38,31.52,32.23,31.48
145,snap-patents,0.01,1000,256,0.0,0.0,1.0,10.0,0.1,2,2,32.43,31.54,32.29,31.54
146,snap-patents,0.01,1000,256,0.0,0.0,1.0,10.0,0.1,2,3,33.70,33.00,33.70,33.01
147,snap-patents,0.01,1000,256,0.0,0.0,1.0,10.0,0.5,2,1,32.66,31.59,32.66,31.63
148,snap-patents,0.01,1000,256,0.0,0.0,1.0,10.0,0.5,2,2,32.79,31.77,32.77,31.75
149,snap-patents,0.01,1000,256,0.0,0.0,1.0,10.0,0.5,2,3,39.65,39.24,39.65,39.26
150,snap-patents,0.01,1000,256,0.0,0.0,1.0,10.0,0.9,2,1,47.98,47.28,47.97,47.30
151,snap-patents,0.01,1000,256,0.0,0.0,1.0,10.0,0.9,2,2,53.43,52.79,53.36,52.59
152,snap-patents,0.01,1000,256,0.0,0.0,1.0,10.0,0.9,2,3,53.48,53.14,53.48,53.06
153,snap-patents,0.01,1000,256,0.0,0.0,1.0,1000.0,0.1,2,1,33.84,33.22,33.84,33.21
154,snap-patents,0.01,1000,256,0.0,0.0,1.0,1000.0,0.1,2,2,53.43,52.88,53.43,52.85
155,snap-patents,0.01,1000,256,0.0,0.0,1.0,1000.0,0.1,2,3,52.12,51.66,52.12,51.71
156,snap-patents,0.01,1000,256,0.0,0.0,1.0,1000.0,0.5,2,1,49.01,48.10,49.01,48.13
157,snap-patents,0.01,1000,256,0.0,0.0,1.0,1000.0,0.5,2,2,54.64,54.00,54.64,53.91
158,snap-patents,0.01,1000,256,0.0,0.0,1.0,1000.0,0.5,2,3,54.67,54.13,54.62,54.12
159,snap-patents,0.01,1000,256,0.0,0.0,1.0,1000.0,0.9,2,1,50.35,49.31,50.33,49.26
160,snap-patents,0.01,1000,256,0.0,0.0,1.0,1000.0,0.9,2,2,56.21,55.62,56.20,55.55
161,snap-patents,0.01,1000,256,0.0,0.0,1.0,1000.0,0.9,2,3,55.50,55.00,55.50,54.98
0,pokec,0.01,1000,512,0.0,0.0,1.0,1000.0,0.9,2,1,76.12,76.13,76.12,76.14
1,pokec,0.01,1000,512,0.0,0.0,1.0,1000.0,0.9,2,2,75.58,75.60,75.58,75.73
2,pokec,0.01,1000,512,0.0,0.0,1.0,1000.0,0.9,2,3,69.56,69.71,69.56,69.60
3,twitch-gamer,0.01,1000,512,0.0,0.0,1.0,1000.0,0.9,2,1,62.18,61.88,62.18,61.93
4,twitch-gamer,0.01,1000,512,0.0,0.0,1.0,1000.0,0.9,2,2,59.64,59.26,59.64,59.33
5,twitch-gamer,0.01,1000,512,0.0,0.0,1.0,1000.0,0.9,2,3,54.26,54.29,54.26,54.22
6,arxiv-year,0.01,1000,512,0.0,0.0,1.0,1000.0,0.9,2,1,55.86,47.98,55.71,48.50
7,arxiv-year,0.01,1000,512,0.0,0.0,1.0,1000.0,0.9,2,2,48.63,47.00,48.58,47.07
8,arxiv-year,0.01,1000,512,0.0,0.0,1.0,1000.0,0.9,2,3,44.12,43.36,44.12,43.57
9,genius,0.01,1000,512,0.0,0.0,1.0,1000.0,0.9,2,1,87.65,87.77,87.63,87.67
10,genius,0.01,1000,512,0.0,0.0,1.0,1000.0,0.9,2,2,87.77,87.71,87.77,87.84
11,genius,0.01,1000,512,0.0,0.0,1.0,1000.0,0.9,2,3,87.90,87.84,87.90,87.86
0,arxiv-year,0.05,500,256,0.0,0.0,1.0,10.0,0.9,2,2,41.83,41.38,41.83,41.41
1,arxiv-year,0.05,500,256,0.0,1e-07,1.0,10.0,0.9,2,2,49.32,47.45,49.00,47.23
2,arxiv-year,0.05,500,256,0.0,1e-06,1.0,10.0,0.9,2,2,42.17,40.94,41.62,41.15
3,arxiv-year,0.05,500,256,0.0,1e-05,1.0,10.0,0.9,2,2,46.58,44.24,46.58,44.69
4,arxiv-year,0.05,500,256,0.0,0.0001,1.0,10.0,0.9,2,2,42.81,41.59,42.81,41.77
5,arxiv-year,0.05,500,256,0.0,0.001,1.0,10.0,0.9,2,2,42.35,41.22,42.35,41.14
6,arxiv-year,0.05,500,256,0.0,0.01,1.0,10.0,0.9,2,2,43.50,41.76,43.50,41.77
7,arxiv-year,0.05,500,256,0.0,0.1,1.0,10.0,0.9,2,2,46.65,45.00,46.65,45.18
8,arxiv-year,0.05,500,256,0.1,0.0,1.0,10.0,0.9,2,2,44.37,43.08,43.83,43.07
9,arxiv-year,0.05,500,256,0.1,1e-07,1.0,10.0,0.9,2,2,44.88,42.74,44.69,43.22
10,arxiv-year,0.05,500,256,0.1,1e-06,1.0,10.0,0.9,2,2,44.84,43.23,44.84,43.11
11,arxiv-year,0.05,500,256,0.1,1e-05,1.0,10.0,0.9,2,2,43.19,42.26,43.19,42.16
12,arxiv-year,0.05,500,256,0.1,0.0001,1.0,10.0,0.9,2,2,44.78,43.36,44.69,43.09
13,arxiv-year,0.05,500,256,0.1,0.001,1.0,10.0,0.9,2,2,43.32,42.00,43.32,42.12
14,arxiv-year,0.05,500,256,0.1,0.01,1.0,10.0,0.9,2,2,43.85,42.71,43.66,42.84
15,arxiv-year,0.05,500,256,0.1,0.1,1.0,10.0,0.9,2,2,44.20,43.13,44.20,43.39
16,arxiv-year,0.05,500,256,0.2,0.0,1.0,10.0,0.9,2,2,41.95,40.94,41.95,40.98
17,arxiv-year,0.05,500,256,0.2,1e-07,1.0,10.0,0.9,2,2,45.22,44.45,45.22,44.59
18,arxiv-year,0.05,500,256,0.2,1e-06,1.0,10.0,0.9,2,2,44.10,43.17,44.08,43.74
19,arxiv-year,0.05,500,256,0.2,1e-05,1.0,10.0,0.9,2,2,44.12,42.91,44.12,43.23
20,arxiv-year,0.05,500,256,0.2,0.0001,1.0,10.0,0.9,2,2,41.79,41.09,41.79,41.38
21,arxiv-year,0.05,500,256,0.2,0.001,1.0,10.0,0.9,2,2,41.67,41.00,41.55,41.25
22,arxiv-year,0.05,500,256,0.2,0.01,1.0,10.0,0.9,2,2,43.82,42.79,43.77,42.99
23,arxiv-year,0.05,500,256,0.2,0.1,1.0,10.0,0.9,2,2,45.73,44.95,45.73,45.27
24,arxiv-year,0.05,500,256,0.3,0.0,1.0,10.0,0.9,2,2,41.29,40.73,41.29,41.03
25,arxiv-year,0.05,500,256,0.3,1e-07,1.0,10.0,0.9,2,2,42.50,41.21,42.45,41.82
26,arxiv-year,0.05,500,256,0.3,1e-06,1.0,10.0,0.9,2,2,43.85,42.86,43.85,42.98
27,arxiv-year,0.05,500,256,0.3,1e-05,1.0,10.0,0.9,2,2,44.69,43.37,44.69,43.59
28,arxiv-year,0.05,500,256,0.3,0.0001,1.0,10.0,0.9,2,2,42.85,42.10,42.85,42.47
29,arxiv-year,0.05,500,256,0.3,0.001,1.0,10.0,0.9,2,2,42.51,41.52,42.43,41.73
30,arxiv-year,0.05,500,256,0.3,0.01,1.0,10.0,0.9,2,2,43.52,42.42,43.52,42.62
31,arxiv-year,0.05,500,256,0.3,0.1,1.0,10.0,0.9,2,2,43.17,40.87,43.17,41.30
32,arxiv-year,0.05,500,256,0.4,0.0,1.0,10.0,0.9,2,2,44.26,43.51,44.17,43.72
33,arxiv-year,0.05,500,256,0.4,1e-07,1.0,10.0,0.9,2,2,41.70,40.98,41.68,40.90
34,arxiv-year,0.05,500,256,0.4,1e-06,1.0,10.0,0.9,2,2,43.66,42.66,43.66,42.88
35,arxiv-year,0.05,500,256,0.4,1e-05,1.0,10.0,0.9,2,2,42.34,41.78,42.34,42.05
36,arxiv-year,0.05,500,256,0.4,0.0001,1.0,10.0,0.9,2,2,43.14,42.32,43.11,42.79
37,arxiv-year,0.05,500,256,0.4,0.001,1.0,10.0,0.9,2,2,42.19,41.38,42.19,41.64
38,arxiv-year,0.05,500,256,0.4,0.01,1.0,10.0,0.9,2,2,42.92,42.04,42.92,42.35
39,arxiv-year,0.05,500,256,0.4,0.1,1.0,10.0,0.9,2,2,43.00,42.25,43.00,42.19
40,arxiv-year,0.05,500,256,0.5,0.0,1.0,10.0,0.9,2,2,41.90,40.93,41.68,41.29
41,arxiv-year,0.05,500,256,0.5,1e-07,1.0,10.0,0.9,2,2,45.66,44.94,45.66,45.19
42,arxiv-year,0.05,500,256,0.5,1e-06,1.0,10.0,0.9,2,2,43.81,42.83,43.81,42.88
43,arxiv-year,0.05,500,256,0.5,1e-05,1.0,10.0,0.9,2,2,41.56,40.77,41.37,41.08
44,arxiv-year,0.05,500,256,0.5,0.0001,1.0,10.0,0.9,2,2,43.45,42.65,43.45,43.02
45,arxiv-year,0.05,500,256,0.5,0.001,1.0,10.0,0.9,2,2,43.69,43.05,43.69,43.19
46,arxiv-year,0.05,500,256,0.5,0.01,1.0,10.0,0.9,2,2,42.17,41.46,42.01,41.54
47,arxiv-year,0.05,500,256,0.5,0.1,1.0,10.0,0.9,2,2,43.04,42.23,43.04,42.51
48,arxiv-year,0.01,500,256,0.0,0.0,1.0,10.0,0.9,2,2,83.59,39.94,56.00,39.75
49,arxiv-year,0.01,500,256,0.0,1e-07,1.0,10.0,0.9,2,2,82.82,41.93,50.94,42.06
50,arxiv-year,0.01,500,256,0.0,1e-06,1.0,10.0,0.9,2,2,85.02,39.02,46.56,39.40
51,arxiv-year,0.01,500,256,0.0,1e-05,1.0,10.0,0.9,2,2,85.69,39.56,44.41,39.77
52,arxiv-year,0.01,500,256,0.0,0.0001,1.0,10.0,0.9,2,2,79.95,41.20,48.26,41.34
53,arxiv-year,0.01,500,256,0.0,0.001,1.0,10.0,0.9,2,2,85.75,41.11,50.22,41.16
54,arxiv-year,0.01,500,256,0.0,0.01,1.0,10.0,0.9,2,2,87.44,41.01,52.88,41.20
55,arxiv-year,0.01,500,256,0.0,0.1,1.0,10.0,0.9,2,2,85.39,39.68,50.22,39.65
56,arxiv-year,0.01,500,256,0.1,0.0,1.0,10.0,0.9,2,2,69.14,45.74,67.77,45.69
57,arxiv-year,0.01,500,256,0.1,1e-07,1.0,10.0,0.9,2,2,67.38,44.44,66.18,44.31
58,arxiv-year,0.01,500,256,0.1,1e-06,1.0,10.0,0.9,2,2,70.94,43.60,67.46,43.54
59,arxiv-year,0.01,500,256,0.1,1e-05,1.0,10.0,0.9,2,2,68.86,44.68,68.36,44.90
60,arxiv-year,0.01,500,256,0.1,0.0001,1.0,10.0,0.9,2,2,69.31,43.65,66.67,43.53
61,arxiv-year,0.01,500,256,0.1,0.001,1.0,10.0,0.9,2,2,70.83,43.62,69.68,43.24
62,arxiv-year,0.01,500,256,0.1,0.01,1.0,10.0,0.9,2,2,67.99,44.28,66.39,44.48
63,arxiv-year,0.01,500,256,0.1,0.1,1.0,10.0,0.9,2,2,71.97,44.38,70.45,44.27
64,arxiv-year,0.01,500,256,0.2,0.0,1.0,10.0,0.9,2,2,0,0,0,0
