,dataset,lr,dropout,early_stopping,weight_decay,alpha,beta,gamma,norm_layers,orders,accuracy
0,chameleon,0.01,0.2,40,0.0001,0.1,0.1,0.6,2,3,0.4651315789473684
1,chameleon,0.01,0.8,40,0.0001,0.1,0.1,0.4,2,3,0.46578947368421053
2,chameleon,0.01,0.2,40,0.0001,0.1,0.1,0.4,2,3,0.46578947368421064
3,chameleon,0.01,0.6,40,0.0001,0.1,0.1,0.2,2,3,0.46578947368421064
4,chameleon,0.01,0.8,40,0.0001,0.1,0.1,0.2,2,3,0.46578947368421064
5,chameleon,0.01,0.2,40,0.0001,0.1,0.1,0.8,2,3,0.4662280701754387
6,chameleon,0.01,0.6,40,0.0001,0.1,0.1,0.4,2,3,0.4666666666666667
7,chameleon,0.01,0.8,40,0.0001,0.1,0.1,0.8,2,3,0.46688596491228074
8,chameleon,0.01,0.8,40,0.0001,0.1,0.1,0.6,2,3,0.4671052631578947
9,chameleon,0.01,0.2,40,0.0001,0.1,0.1,0.2,2,3,0.4673245614035088
10,chameleon,0.01,0.4,40,0.0001,0.1,0.1,0.2,2,3,0.4677631578947369
11,chameleon,0.01,0.6,40,0.0001,0.1,0.1,0.6,2,3,0.46798245614035083
12,chameleon,0.01,0.4,40,0.0001,0.1,0.1,0.6,2,3,0.46951754385964906
13,chameleon,0.01,0.8,40,5e-05,0.1,0.1,0.2,2,3,0.4697368421052631
14,chameleon,0.01,0.6,40,0.0001,0.1,0.1,0.8,2,3,0.4699561403508771
15,chameleon,0.01,0.4,40,0.0001,0.1,0.1,0.8,2,3,0.47039473684210514
16,chameleon,0.01,0.2,40,5e-05,0.1,0.1,0.8,2,3,0.47105263157894733
17,chameleon,0.01,0.8,40,5e-05,0.1,0.1,0.4,2,3,0.47105263157894733
18,chameleon,0.01,0.4,40,0.0001,0.1,0.1,0.4,2,3,0.47105263157894733
19,chameleon,0.01,0.8,40,5e-05,0.1,0.1,0.8,2,3,0.47171052631578936
20,chameleon,0.01,0.4,40,5e-05,0.1,0.1,0.2,2,3,0.4719298245614034
21,chameleon,0.01,0.8,40,5e-05,0.1,0.1,0.6,2,3,0.4719298245614034
22,chameleon,0.01,0.2,40,5e-05,0.1,0.1,0.6,2,3,0.4725877192982456
23,chameleon,0.01,0.6,40,5e-05,0.1,0.1,0.2,2,3,0.47280701754385956
24,chameleon,0.01,0.2,40,5e-05,0.1,0.1,0.2,2,3,0.4732456140350877
25,chameleon,0.01,0.2,40,5e-05,0.1,0.1,0.4,2,3,0.47324561403508775
26,chameleon,0.01,0.4,40,5e-05,0.1,0.1,0.8,2,3,0.47390350877192977
27,chameleon,0.01,0.6,40,5e-05,0.1,0.1,0.4,2,3,0.4745614035087719
28,chameleon,0.01,0.6,40,5e-05,0.1,0.1,0.6,2,3,0.475
29,chameleon,0.01,0.8,40,1e-07,0.1,0.1,0.2,2,3,0.4754385964912281
30,chameleon,0.01,0.8,40,1e-06,0.1,0.1,0.4,2,3,0.4754385964912281
31,chameleon,0.01,0.4,40,5e-05,0.1,0.1,0.4,2,3,0.47609649122807013
32,chameleon,0.01,0.8,40,1e-07,0.1,0.1,0.4,2,3,0.4760964912280702
33,chameleon,0.01,0.4,40,5e-05,0.1,0.1,0.6,2,3,0.47631578947368414
34,chameleon,0.01,0.8,40,1e-06,0.1,0.1,0.2,2,3,0.47631578947368425
35,chameleon,0.01,0.8,40,1e-07,0.1,0.1,0.6,2,3,0.4765350877192982
36,chameleon,0.01,0.8,40,1e-06,0.1,0.1,0.6,2,3,0.4767543859649123
37,chameleon,0.01,0.6,40,5e-05,0.1,0.1,0.8,2,3,0.47697368421052627
38,chameleon,0.01,0.8,40,1e-06,0.1,0.1,0.8,2,3,0.47741228070175434
39,chameleon,0.01,0.8,40,1e-07,0.1,0.1,0.8,2,3,0.4780701754385965
40,chameleon,0.01,0.4,40,1e-07,0.1,0.1,0.2,2,3,0.47938596491228064
41,chameleon,0.01,0.4,40,1e-06,0.1,0.1,0.2,2,3,0.481140350877193
42,chameleon,0.01,0.6,40,1e-07,0.1,0.1,0.2,2,3,0.48135964912280704
43,chameleon,0.01,0.6,40,1e-06,0.1,0.1,0.4,2,3,0.4817982456140351
44,chameleon,0.01,0.6,40,1e-06,0.1,0.1,0.2,2,3,0.48201754385964907
45,chameleon,0.01,0.2,40,1e-07,0.1,0.1,0.6,2,3,0.4822368421052632
46,chameleon,0.01,0.2,40,1e-06,0.1,0.1,0.8,2,3,0.48245614035087725
47,chameleon,0.01,0.6,40,1e-07,0.1,0.1,0.6,2,3,0.4826754385964912
48,chameleon,0.01,0.2,40,1e-06,0.1,0.1,0.4,2,3,0.4826754385964912
49,chameleon,0.01,0.6,40,1e-07,0.1,0.1,0.4,2,3,0.48267543859649126
50,chameleon,0.01,0.4,40,1e-06,0.1,0.1,0.4,2,3,0.48267543859649126
51,chameleon,0.01,0.4,40,1e-07,0.1,0.1,0.4,2,3,0.4828947368421052
52,chameleon,0.01,0.2,40,1e-07,0.1,0.1,0.4,2,3,0.4831140350877193
53,chameleon,0.01,0.2,40,1e-07,0.1,0.1,0.8,2,3,0.4831140350877193
54,chameleon,0.01,0.2,40,1e-06,0.1,0.1,0.6,2,3,0.4831140350877193
55,chameleon,0.01,0.6,40,1e-06,0.1,0.1,0.6,2,3,0.4831140350877193
56,chameleon,0.01,0.4,40,1e-07,0.1,0.1,0.6,2,3,0.4833333333333333
57,chameleon,0.01,0.2,40,1e-07,0.1,0.1,0.2,2,3,0.4839912280701754
58,chameleon,0.01,0.2,40,1e-06,0.1,0.1,0.2,2,3,0.4839912280701754
59,chameleon,0.01,0.4,40,1e-06,0.1,0.1,0.6,2,3,0.4839912280701754
60,chameleon,0.01,0.4,40,1e-07,0.1,0.1,0.8,2,3,0.4842105263157895
61,chameleon,0.01,0.4,40,1e-06,0.1,0.1,0.8,2,3,0.48464912280701755
62,chameleon,0.01,0.6,40,1e-06,0.1,0.1,0.8,2,3,0.4848684210526316
63,chameleon,0.01,0.6,40,1e-07,0.1,0.1,0.8,2,3,0.4850877192982456
64,citeseer,0.01,0.8,40,0.0001,1.0,10000.0,0.2,2,3,0.7172240521239757
65,citeseer,0.01,0.8,40,5e-05,1.0,10000.0,0.2,2,3,0.7228188259427759
66,citeseer,0.01,0.4,40,0.0001,1.0,10000.0,0.2,2,3,0.7231740236751768
67,citeseer,0.01,0.6,40,0.0001,1.0,10000.0,0.2,2,3,0.724357385369186
68,citeseer,0.01,0.2,40,0.0001,1.0,10000.0,0.2,2,3,0.7243930597731805
69,citeseer,0.01,0.6,40,5e-05,1.0,10000.0,0.2,2,3,0.7250587709274482
70,citeseer,0.01,0.2,40,1e-06,1.0,10000.0,0.2,2,3,0.726218815007811
71,citeseer,0.01,0.2,40,5e-05,1.0,10000.0,0.2,2,3,0.7265904586018446
72,citeseer,0.01,0.2,40,1e-07,1.0,10000.0,0.2,2,3,0.7273358433942018
73,citeseer,0.01,0.4,40,5e-05,1.0,10000.0,0.2,2,3,0.7276967587258555
74,citeseer,0.01,0.4,40,1e-07,1.0,10000.0,0.2,2,3,0.7278964502563574
75,citeseer,0.01,0.6,40,1e-06,1.0,10000.0,0.2,2,3,0.7285109964803204
76,citeseer,0.01,0.6,40,1e-07,1.0,10000.0,0.2,2,3,0.7289433932539808
77,citeseer,0.01,0.4,40,1e-06,1.0,10000.0,0.2,2,3,0.7292904153701103
78,citeseer,0.01,0.2,40,1e-06,1.0,10000.0,0.4,2,3,0.7314817814031731
79,citeseer,0.01,0.2,40,1e-07,1.0,10000.0,0.4,2,3,0.7319154165184116
80,citeseer,0.01,0.2,40,0.0001,1.0,10000.0,0.4,2,3,0.7320992394477612
81,citeseer,0.01,0.8,40,1e-06,1.0,10000.0,0.2,2,3,0.7328644869424968
82,citeseer,0.01,0.4,40,0.0001,1.0,10000.0,0.4,2,3,0.7341459566649663
83,citeseer,0.01,0.8,40,1e-07,1.0,10000.0,0.2,2,3,0.7341991379827296
84,citeseer,0.01,0.6,40,0.0001,1.0,10000.0,0.4,2,3,0.7344248765344505
85,citeseer,0.01,0.4,40,1e-07,1.0,10000.0,0.4,2,3,0.7344496078475
86,citeseer,0.01,0.2,40,5e-05,1.0,10000.0,0.4,2,3,0.7346165452862735
87,citeseer,0.01,0.4,40,1e-06,1.0,10000.0,0.4,2,3,0.7347698995593539
88,citeseer,0.01,0.4,40,5e-05,1.0,10000.0,0.4,2,3,0.7350975195283863
89,citeseer,0.01,0.2,40,1e-07,1.0,10000.0,0.6,2,3,0.7355697436287743
90,citeseer,0.01,0.2,40,1e-06,1.0,10000.0,0.6,2,3,0.7361078121122071
91,citeseer,0.01,0.6,40,1e-07,1.0,10000.0,0.4,2,3,0.7371594606715872
92,citeseer,0.01,0.6,40,1e-06,1.0,10000.0,0.4,2,3,0.7372929000942865
93,citeseer,0.01,0.4,40,1e-06,1.0,10000.0,0.6,2,3,0.7373154818133244
94,citeseer,0.01,0.4,40,1e-07,1.0,10000.0,0.6,2,3,0.7373347938093565
95,citeseer,0.01,0.2,40,1e-07,1.0,10000.0,0.8,2,3,0.7375041590309593
96,citeseer,0.01,0.2,40,1e-06,1.0,10000.0,0.8,2,3,0.7376098534418312
97,citeseer,0.01,0.8,40,5e-05,1.0,10000.0,0.4,2,3,0.7376156602634315
98,citeseer,0.01,0.6,40,5e-05,1.0,10000.0,0.4,2,3,0.7377368456560648
99,citeseer,0.01,0.6,40,1e-06,1.0,10000.0,0.6,2,3,0.7379166290459636
100,citeseer,0.01,0.8,40,1e-07,1.0,10000.0,0.4,2,3,0.7382419553599704
101,citeseer,0.01,0.6,40,1e-07,1.0,10000.0,0.6,2,3,0.7383021725804538
102,citeseer,0.01,0.8,40,1e-06,1.0,10000.0,0.4,2,3,0.7385446490518556
103,citeseer,0.01,0.8,40,0.0001,1.0,10000.0,0.4,2,3,0.7387350470221458
104,citeseer,0.01,0.4,40,1e-07,1.0,10000.0,0.8,2,3,0.7405840843638242
105,citeseer,0.01,0.4,40,1e-06,1.0,10000.0,0.8,2,3,0.740973470927422
106,citeseer,0.01,0.4,40,0.0001,1.0,10000.0,0.8,2,3,0.7432856644383541
107,citeseer,0.01,0.6,40,0.0001,1.0,10000.0,0.6,2,3,0.7436386937479896
108,citeseer,0.01,0.6,40,5e-05,1.0,10000.0,0.6,2,3,0.7436399534212373
109,citeseer,0.01,0.4,40,5e-05,1.0,10000.0,0.6,2,3,0.7436584573172661
110,citeseer,0.01,0.6,40,1e-06,1.0,10000.0,0.8,2,3,0.7438569779232258
111,citeseer,0.01,0.6,40,1e-07,1.0,10000.0,0.8,2,3,0.7440055332112121
112,citeseer,0.01,0.2,40,5e-05,1.0,10000.0,0.6,2,3,0.7441270757916252
113,citeseer,0.01,0.2,40,0.0001,1.0,10000.0,0.8,2,3,0.7441897152986445
114,citeseer,0.01,0.2,40,0.0001,1.0,10000.0,0.6,2,3,0.7444885101372007
115,citeseer,0.01,0.6,40,5e-05,1.0,10000.0,0.8,2,3,0.7450991621992216
116,citeseer,0.01,0.8,40,0.0001,1.0,10000.0,0.6,2,3,0.7453599304192486
117,citeseer,0.01,0.8,40,1e-06,1.0,10000.0,0.6,2,3,0.7454751640907855
118,citeseer,0.01,0.6,40,0.0001,1.0,10000.0,0.8,2,3,0.745527292539585
119,citeseer,0.01,0.2,40,5e-05,1.0,10000.0,0.8,2,3,0.7460023773172006
120,citeseer,0.01,0.8,40,1e-07,1.0,10000.0,0.6,2,3,0.7460974425987947
121,citeseer,0.01,0.4,40,0.0001,1.0,10000.0,0.6,2,3,0.7461322943693791
122,citeseer,0.01,0.4,40,5e-05,1.0,10000.0,0.8,2,3,0.7464317137248945
123,citeseer,0.01,0.8,40,5e-05,1.0,10000.0,0.6,2,3,0.7469779576838081
124,citeseer,0.01,0.8,40,5e-05,1.0,10000.0,0.8,2,3,0.7504181968295234
125,citeseer,0.01,0.8,40,0.0001,1.0,10000.0,0.8,2,3,0.7506306980410671
126,citeseer,0.01,0.8,40,1e-06,1.0,10000.0,0.8,2,3,0.7528127188290944
127,citeseer,0.01,0.8,40,1e-07,1.0,10000.0,0.8,2,3,0.7529635477085219
128,cora,0.01,0.2,40,1e-07,1.0,10000.0,0.8,2,3,0.8012072434607646
129,cora,0.01,0.2,40,1e-06,1.0,10000.0,0.8,2,3,0.8018108651911469
130,cora,0.01,0.4,40,1e-07,1.0,10000.0,0.8,2,3,0.8056338028169014
131,cora,0.01,0.4,40,1e-06,1.0,10000.0,0.8,2,3,0.8064386317907445
132,cora,0.01,0.6,40,1e-07,1.0,10000.0,0.8,2,3,0.811871227364185
133,cora,0.01,0.6,40,1e-06,1.0,10000.0,0.8,2,3,0.8120724346076459
134,cora,0.01,0.8,40,1e-07,1.0,10000.0,0.8,2,3,0.814486921529175
135,cora,0.01,0.8,40,1e-06,1.0,10000.0,0.8,2,3,0.8150905432595575
136,cora,0.01,0.4,40,5e-05,1.0,10000.0,0.8,2,3,0.8185110663983902
137,cora,0.01,0.6,40,5e-05,1.0,10000.0,0.8,2,3,0.8245472837022133
138,cora,0.01,0.2,40,5e-05,1.0,10000.0,0.8,2,3,0.8283702213279677
139,cora,0.01,0.8,40,5e-05,1.0,10000.0,0.8,2,3,0.8291750503018107
140,cora,0.01,0.6,40,0.0001,1.0,10000.0,0.8,2,3,0.8346076458752515
141,cora,0.01,0.4,40,0.0001,1.0,10000.0,0.8,2,3,0.8356136820925555
142,cora,0.01,0.2,40,0.0001,1.0,10000.0,0.8,2,3,0.8364185110663985
143,cora,0.01,0.2,40,1e-07,1.0,10000.0,0.6,2,3,0.83682092555332
144,cora,0.01,0.2,40,1e-06,1.0,10000.0,0.6,2,3,0.8370221327967808
145,cora,0.01,0.2,40,1e-07,1.0,10000.0,0.2,2,3,0.8384305835010061
146,cora,0.01,0.2,40,1e-06,1.0,10000.0,0.2,2,3,0.8386317907444667
147,cora,0.01,0.4,40,1e-06,1.0,10000.0,0.2,2,3,0.8402414486921529
148,cora,0.01,0.4,40,1e-07,1.0,10000.0,0.6,2,3,0.8404426559356137
149,cora,0.01,0.4,40,1e-07,1.0,10000.0,0.2,2,3,0.8406438631790746
150,cora,0.01,0.2,40,1e-07,1.0,10000.0,0.4,2,3,0.841046277665996
151,cora,0.01,0.2,40,1e-06,1.0,10000.0,0.4,2,3,0.841046277665996
152,cora,0.01,0.4,40,1e-06,1.0,10000.0,0.6,2,3,0.8412474849094567
153,cora,0.01,0.4,40,1e-07,1.0,10000.0,0.4,2,3,0.842655935613682
154,cora,0.01,0.4,40,1e-06,1.0,10000.0,0.4,2,3,0.842655935613682
155,cora,0.01,0.2,40,5e-05,1.0,10000.0,0.2,2,3,0.8432595573440643
156,cora,0.01,0.6,40,1e-07,1.0,10000.0,0.6,2,3,0.8442655935613683
157,cora,0.01,0.2,40,0.0001,1.0,10000.0,0.2,2,3,0.844466800804829
158,cora,0.01,0.6,40,1e-06,1.0,10000.0,0.2,2,3,0.8446680080482898
159,cora,0.01,0.6,40,1e-06,1.0,10000.0,0.6,2,3,0.8446680080482898
160,cora,0.01,0.6,40,1e-07,1.0,10000.0,0.2,2,3,0.8450704225352114
161,cora,0.01,0.8,40,0.0001,1.0,10000.0,0.8,2,3,0.8466800804828972
162,cora,0.01,0.4,40,0.0001,1.0,10000.0,0.2,2,3,0.8466800804828974
163,cora,0.01,0.4,40,5e-05,1.0,10000.0,0.2,2,3,0.8468812877263583
164,cora,0.01,0.6,40,1e-07,1.0,10000.0,0.4,2,3,0.8472837022132798
165,cora,0.01,0.6,40,0.0001,1.0,10000.0,0.2,2,3,0.8472837022132798
166,cora,0.01,0.6,40,5e-05,1.0,10000.0,0.2,2,3,0.8476861167002012
167,cora,0.01,0.6,40,1e-06,1.0,10000.0,0.4,2,3,0.847887323943662
168,cora,0.01,0.2,40,5e-05,1.0,10000.0,0.6,2,3,0.847887323943662
169,cora,0.01,0.4,40,5e-05,1.0,10000.0,0.6,2,3,0.8482897384305834
170,cora,0.01,0.2,40,5e-05,1.0,10000.0,0.4,2,3,0.8501006036217305
171,cora,0.01,0.8,40,1e-07,1.0,10000.0,0.6,2,3,0.8503018108651912
172,cora,0.01,0.8,40,1e-06,1.0,10000.0,0.2,2,3,0.8503018108651912
173,cora,0.01,0.8,40,1e-06,1.0,10000.0,0.6,2,3,0.8505030181086519
174,cora,0.01,0.4,40,5e-05,1.0,10000.0,0.4,2,3,0.8507042253521127
175,cora,0.01,0.4,40,0.0001,1.0,10000.0,0.4,2,3,0.8509054325955734
176,cora,0.01,0.2,40,0.0001,1.0,10000.0,0.4,2,3,0.8509054325955736
177,cora,0.01,0.8,40,1e-07,1.0,10000.0,0.2,2,3,0.8511066398390342
178,cora,0.01,0.6,40,5e-05,1.0,10000.0,0.6,2,3,0.8511066398390342
179,cora,0.01,0.8,40,5e-05,1.0,10000.0,0.2,2,3,0.8517102615694165
180,cora,0.01,0.8,40,0.0001,1.0,10000.0,0.2,2,3,0.8519114688128774
181,cora,0.01,0.6,40,0.0001,1.0,10000.0,0.4,2,3,0.8523138832997988
182,cora,0.01,0.6,40,5e-05,1.0,10000.0,0.4,2,3,0.8525150905432595
183,cora,0.01,0.8,40,1e-07,1.0,10000.0,0.4,2,3,0.8543259557344065
184,cora,0.01,0.8,40,1e-06,1.0,10000.0,0.4,2,3,0.854728370221328
185,cora,0.01,0.2,40,0.0001,1.0,10000.0,0.6,2,3,0.854728370221328
186,cora,0.01,0.4,40,0.0001,1.0,10000.0,0.6,2,3,0.8549295774647886
187,cora,0.01,0.6,40,0.0001,1.0,10000.0,0.6,2,3,0.8557344064386317
188,cora,0.01,0.8,40,5e-05,1.0,10000.0,0.4,2,3,0.8561368209255533
189,cora,0.01,0.8,40,0.0001,1.0,10000.0,0.4,2,3,0.8563380281690142
190,cora,0.01,0.8,40,5e-05,1.0,10000.0,0.6,2,3,0.8571428571428573
191,cora,0.01,0.8,40,0.0001,1.0,10000.0,0.6,2,3,0.8603621730382294
192,cornell,0.05,0.2,40,1e-07,1.0,0.1,0.8,2,3,0.7648648648648649
193,cornell,0.05,0.2,40,1e-07,1.0,0.1,0.4,2,3,0.7675675675675675
194,cornell,0.05,0.2,40,1e-07,1.0,0.1,0.2,2,3,0.7702702702702703
195,cornell,0.05,0.2,40,1e-07,1.0,0.1,0.6,2,3,0.772972972972973
196,cornell,0.05,0.6,40,1e-07,1.0,0.1,0.2,2,3,0.7783783783783784
197,cornell,0.05,0.8,40,1e-07,1.0,0.1,0.6,2,3,0.7783783783783784
198,cornell,0.05,0.2,40,1e-06,1.0,0.1,0.4,2,3,0.7783783783783784
199,cornell,0.05,0.2,40,1e-06,1.0,0.1,0.6,2,3,0.7783783783783784
200,cornell,0.05,0.2,40,1e-06,1.0,0.1,0.8,2,3,0.7837837837837838
201,cornell,0.05,0.6,40,1e-07,1.0,0.1,0.4,2,3,0.7864864864864864
202,cornell,0.05,0.8,40,1e-07,1.0,0.1,0.4,2,3,0.7864864864864864
203,cornell,0.05,0.4,40,1e-06,1.0,0.1,0.2,2,3,0.7864864864864864
204,cornell,0.05,0.6,40,1e-06,1.0,0.1,0.2,2,3,0.7864864864864864
205,cornell,0.05,0.6,40,1e-06,1.0,0.1,0.4,2,3,0.7864864864864864
206,cornell,0.05,0.8,40,1e-06,1.0,0.1,0.4,2,3,0.7864864864864864
207,cornell,0.05,0.4,40,1e-07,1.0,0.1,0.2,2,3,0.7864864864864866
208,cornell,0.05,0.2,40,1e-06,1.0,0.1,0.2,2,3,0.7891891891891891
209,cornell,0.05,0.4,40,1e-07,1.0,0.1,0.8,2,3,0.7891891891891893
210,cornell,0.05,0.6,40,1e-07,1.0,0.1,0.8,2,3,0.7891891891891893
211,cornell,0.05,0.4,40,1e-06,1.0,0.1,0.8,2,3,0.7918918918918918
212,cornell,0.05,0.8,40,1e-06,1.0,0.1,0.6,2,3,0.7918918918918918
213,cornell,0.05,0.6,40,1e-06,1.0,0.1,0.8,2,3,0.7918918918918919
214,cornell,0.05,0.8,40,1e-07,1.0,0.1,0.2,2,3,0.7945945945945946
215,cornell,0.05,0.8,40,1e-06,1.0,0.1,0.2,2,3,0.7945945945945946
216,cornell,0.05,0.8,40,5e-05,1.0,0.1,0.4,2,3,0.7945945945945946
217,cornell,0.05,0.6,40,1e-07,1.0,0.1,0.6,2,3,0.7972972972972974
218,cornell,0.05,0.6,40,1e-06,1.0,0.1,0.6,2,3,0.7972972972972974
219,cornell,0.05,0.4,40,1e-06,1.0,0.1,0.4,2,3,0.7999999999999999
220,cornell,0.05,0.4,40,1e-07,1.0,0.1,0.4,2,3,0.8
221,cornell,0.05,0.4,40,1e-07,1.0,0.1,0.6,2,3,0.8
222,cornell,0.05,0.8,40,5e-05,1.0,0.1,0.2,2,3,0.8
223,cornell,0.05,0.8,40,5e-05,1.0,0.1,0.6,2,3,0.8
224,cornell,0.05,0.8,40,1e-07,1.0,0.1,0.8,2,3,0.8027027027027026
225,cornell,0.05,0.8,40,5e-05,1.0,0.1,0.8,2,3,0.8027027027027026
226,cornell,0.05,0.4,40,1e-06,1.0,0.1,0.6,2,3,0.8027027027027028
227,cornell,0.05,0.8,40,1e-06,1.0,0.1,0.8,2,3,0.8027027027027028
228,cornell,0.05,0.4,40,5e-05,1.0,0.1,0.6,2,3,0.8054054054054054
229,cornell,0.05,0.4,40,5e-05,1.0,0.1,0.2,2,3,0.8081081081081081
230,cornell,0.05,0.4,40,5e-05,1.0,0.1,0.8,2,3,0.8108108108108107
231,cornell,0.05,0.6,40,0.0001,1.0,0.1,0.6,2,3,0.8108108108108107
232,cornell,0.05,0.4,40,5e-05,1.0,0.1,0.4,2,3,0.8108108108108109
233,cornell,0.05,0.6,40,5e-05,1.0,0.1,0.8,2,3,0.8135135135135135
234,cornell,0.05,0.2,40,5e-05,1.0,0.1,0.4,2,3,0.8162162162162161
235,cornell,0.05,0.8,40,0.0001,1.0,0.1,0.2,2,3,0.8162162162162161
236,cornell,0.05,0.4,40,0.0001,1.0,0.1,0.2,2,3,0.818918918918919
237,cornell,0.05,0.8,40,0.0001,1.0,0.1,0.6,2,3,0.818918918918919
238,cornell,0.05,0.2,40,0.0001,1.0,0.1,0.6,2,3,0.8216216216216216
239,cornell,0.05,0.2,40,0.0001,1.0,0.1,0.8,2,3,0.8216216216216216
240,cornell,0.05,0.4,40,0.0001,1.0,0.1,0.4,2,3,0.8216216216216216
241,cornell,0.05,0.4,40,0.0001,1.0,0.1,0.6,2,3,0.8216216216216216
242,cornell,0.05,0.6,40,0.0001,1.0,0.1,0.4,2,3,0.8216216216216216
243,cornell,0.05,0.6,40,0.0001,1.0,0.1,0.8,2,3,0.8216216216216216
244,cornell,0.05,0.8,40,0.0001,1.0,0.1,0.4,2,3,0.8216216216216216
245,cornell,0.05,0.2,40,0.0001,1.0,0.1,0.2,2,3,0.8216216216216218
246,cornell,0.05,0.8,40,0.0001,1.0,0.1,0.8,2,3,0.8243243243243242
247,cornell,0.05,0.2,40,5e-05,1.0,0.1,0.6,2,3,0.8243243243243243
248,cornell,0.05,0.2,40,5e-05,1.0,0.1,0.8,2,3,0.8243243243243243
249,cornell,0.05,0.6,40,5e-05,1.0,0.1,0.2,2,3,0.8243243243243243
250,cornell,0.05,0.6,40,5e-05,1.0,0.1,0.4,2,3,0.8243243243243243
251,cornell,0.05,0.2,40,0.0001,1.0,0.1,0.4,2,3,0.8243243243243243
252,cornell,0.05,0.6,40,0.0001,1.0,0.1,0.2,2,3,0.8243243243243243
253,cornell,0.05,0.2,40,5e-05,1.0,0.1,0.2,2,3,0.827027027027027
254,cornell,0.05,0.4,40,0.0001,1.0,0.1,0.8,2,3,0.8297297297297298
255,cornell,0.05,0.6,40,5e-05,1.0,0.1,0.6,2,3,0.8324324324324325
256,pubmed,0.01,0.8,40,1e-07,1.0,10000.0,0.2,2,3,0.858341784989858
257,pubmed,0.01,0.8,40,1e-06,1.0,10000.0,0.2,2,3,0.8586713995943203
258,pubmed,0.01,0.6,40,1e-07,1.0,10000.0,0.2,2,3,0.8587474645030426
259,pubmed,0.01,0.4,40,1e-07,1.0,10000.0,0.2,2,3,0.8593052738336715
260,pubmed,0.01,0.6,40,1e-06,1.0,10000.0,0.2,2,3,0.8594320486815417
261,pubmed,0.01,0.2,40,1e-07,1.0,10000.0,0.2,2,3,0.8598630831643002
262,pubmed,0.01,0.4,40,1e-06,1.0,10000.0,0.2,2,3,0.8599391480730223
263,pubmed,0.01,0.2,40,1e-06,1.0,10000.0,0.2,2,3,0.860446247464503
264,pubmed,0.01,0.8,40,5e-05,1.0,10000.0,0.2,2,3,0.8648073022312373
265,pubmed,0.01,0.8,40,0.0001,1.0,10000.0,0.2,2,3,0.8650101419878296
266,pubmed,0.01,0.6,40,0.0001,1.0,10000.0,0.2,2,3,0.8656693711967545
267,pubmed,0.01,0.8,40,1e-07,1.0,10000.0,0.4,2,3,0.8657200811359026
268,pubmed,0.01,0.6,40,5e-05,1.0,10000.0,0.2,2,3,0.8658975659229208
269,pubmed,0.01,0.8,40,1e-06,1.0,10000.0,0.4,2,3,0.8662271805273832
270,pubmed,0.01,0.4,40,5e-05,1.0,10000.0,0.2,2,3,0.8662271805273833
271,pubmed,0.01,0.4,40,0.0001,1.0,10000.0,0.2,2,3,0.8663286004056795
272,pubmed,0.01,0.2,40,5e-05,1.0,10000.0,0.2,2,3,0.8663539553752535
273,pubmed,0.01,0.6,40,1e-07,1.0,10000.0,0.4,2,3,0.8664807302231239
274,pubmed,0.01,0.2,40,0.0001,1.0,10000.0,0.2,2,3,0.8672160243407708
275,pubmed,0.01,0.4,40,1e-07,1.0,10000.0,0.4,2,3,0.8674442190669371
276,pubmed,0.01,0.2,40,1e-07,1.0,10000.0,0.4,2,3,0.8674695740365111
277,pubmed,0.01,0.6,40,1e-06,1.0,10000.0,0.4,2,3,0.8677231237322515
278,pubmed,0.01,0.4,40,1e-06,1.0,10000.0,0.4,2,3,0.8681795131845842
279,pubmed,0.01,0.2,40,1e-06,1.0,10000.0,0.4,2,3,0.8684330628803245
280,pubmed,0.01,0.8,40,5e-05,1.0,10000.0,0.4,2,3,0.8723884381338743
281,pubmed,0.01,0.8,40,0.0001,1.0,10000.0,0.4,2,3,0.8729462474645031
282,pubmed,0.01,0.6,40,5e-05,1.0,10000.0,0.4,2,3,0.8732505070993917
283,pubmed,0.01,0.6,40,0.0001,1.0,10000.0,0.4,2,3,0.8734533468559837
284,pubmed,0.01,0.2,40,0.0001,1.0,10000.0,0.4,2,3,0.8736561866125762
285,pubmed,0.01,0.4,40,0.0001,1.0,10000.0,0.4,2,3,0.8736561866125762
286,pubmed,0.01,0.4,40,5e-05,1.0,10000.0,0.4,2,3,0.8738590263691682
287,pubmed,0.01,0.2,40,5e-05,1.0,10000.0,0.4,2,3,0.8739858012170385
288,pubmed,0.01,0.8,40,5e-05,1.0,10000.0,0.8,2,3,0.8788793103448276
289,pubmed,0.01,0.2,40,1e-07,1.0,10000.0,0.8,2,3,0.8789807302231237
290,pubmed,0.01,0.2,40,1e-06,1.0,10000.0,0.8,2,3,0.8794878296146045
291,pubmed,0.01,0.4,40,1e-07,1.0,10000.0,0.8,2,3,0.8798935091277892
292,pubmed,0.01,0.6,40,1e-07,1.0,10000.0,0.8,2,3,0.8799949290060851
293,pubmed,0.01,0.6,40,1e-07,1.0,10000.0,0.6,2,3,0.8802231237322514
294,pubmed,0.01,0.6,40,1e-06,1.0,10000.0,0.6,2,3,0.880502028397566
295,pubmed,0.01,0.6,40,1e-06,1.0,10000.0,0.8,2,3,0.880679513184584
296,pubmed,0.01,0.4,40,1e-06,1.0,10000.0,0.8,2,3,0.8807809330628803
297,pubmed,0.01,0.2,40,1e-07,1.0,10000.0,0.6,2,3,0.8808569979716024
298,pubmed,0.01,0.8,40,1e-06,1.0,10000.0,0.8,2,3,0.8813640973630832
299,pubmed,0.01,0.4,40,1e-07,1.0,10000.0,0.6,2,3,0.8813894523326573
300,pubmed,0.01,0.8,40,1e-07,1.0,10000.0,0.6,2,3,0.8815669371196755
301,pubmed,0.01,0.4,40,1e-06,1.0,10000.0,0.6,2,3,0.881921906693712
302,pubmed,0.01,0.2,40,1e-06,1.0,10000.0,0.6,2,3,0.8820740365111563
303,pubmed,0.01,0.8,40,1e-06,1.0,10000.0,0.6,2,3,0.8823275862068967
304,pubmed,0.01,0.8,40,1e-07,1.0,10000.0,0.8,2,3,0.8824036511156186
305,pubmed,0.01,0.8,40,0.0001,1.0,10000.0,0.8,2,3,0.884077079107505
306,pubmed,0.01,0.6,40,5e-05,1.0,10000.0,0.6,2,3,0.8879817444219068
307,pubmed,0.01,0.6,40,0.0001,1.0,10000.0,0.6,2,3,0.8882860040567951
308,pubmed,0.01,0.4,40,5e-05,1.0,10000.0,0.6,2,3,0.8885649087221095
309,pubmed,0.01,0.4,40,0.0001,1.0,10000.0,0.6,2,3,0.8887423935091278
310,pubmed,0.01,0.8,40,5e-05,1.0,10000.0,0.6,2,3,0.8899087221095335
311,pubmed,0.01,0.8,40,0.0001,1.0,10000.0,0.6,2,3,0.8903144016227182
312,pubmed,0.01,0.4,40,5e-05,1.0,10000.0,0.8,2,3,0.8907454361054767
313,pubmed,0.01,0.2,40,0.0001,1.0,10000.0,0.8,2,3,0.890973630831643
314,pubmed,0.01,0.2,40,5e-05,1.0,10000.0,0.8,2,3,0.891024340770791
315,pubmed,0.01,0.6,40,5e-05,1.0,10000.0,0.8,2,3,0.8913539553752535
316,pubmed,0.01,0.6,40,0.0001,1.0,10000.0,0.8,2,3,0.8913793103448278
317,pubmed,0.01,0.2,40,0.0001,1.0,10000.0,0.6,2,3,0.89170892494929
318,pubmed,0.01,0.4,40,0.0001,1.0,10000.0,0.8,2,3,0.8917342799188642
319,pubmed,0.01,0.2,40,5e-05,1.0,10000.0,0.6,2,3,0.8917849898580121
320,squirrel,0.01,0.2,40,5e-05,0.1,0.1,0.8,2,3,0.29135446685878963
321,squirrel,0.01,0.2,40,5e-05,0.1,0.1,0.4,2,3,0.2914505283381364
322,squirrel,0.01,0.2,40,0.0001,0.1,0.1,0.6,2,3,0.2915465898174832
323,squirrel,0.01,0.2,40,0.0001,0.1,0.1,0.8,2,3,0.29164265129683004
324,squirrel,0.01,0.8,40,0.0001,0.1,0.1,0.8,2,3,0.29193083573487033
325,squirrel,0.01,0.2,40,0.0001,0.1,0.1,0.2,2,3,0.29212295869356386
326,squirrel,0.01,0.2,40,5e-05,0.1,0.1,0.6,2,3,0.2922190201729107
327,squirrel,0.01,0.2,40,0.0001,0.1,0.1,0.4,2,3,0.29231508165225745
328,squirrel,0.01,0.2,40,5e-05,0.1,0.1,0.2,2,3,0.2924111431316042
329,squirrel,0.01,0.8,40,0.0001,0.1,0.1,0.6,2,3,0.2925072046109509
330,squirrel,0.01,0.8,40,0.0001,0.1,0.1,0.2,2,3,0.2928914505283381
331,squirrel,0.01,0.8,40,0.0001,0.1,0.1,0.4,2,3,0.2929875120076849
332,squirrel,0.01,0.4,40,0.0001,0.1,0.1,0.2,2,3,0.29317963496637844
333,squirrel,0.01,0.4,40,5e-05,0.1,0.1,0.2,2,3,0.2933717579250721
334,squirrel,0.01,0.2,40,1e-06,0.1,0.1,0.6,2,3,0.29365994236311244
335,squirrel,0.01,0.2,40,1e-07,0.1,0.1,0.2,2,3,0.29385206532180586
336,squirrel,0.01,0.4,40,5e-05,0.1,0.1,0.8,2,3,0.2938520653218059
337,squirrel,0.01,0.6,40,0.0001,0.1,0.1,0.2,2,3,0.29385206532180597
338,squirrel,0.01,0.4,40,1e-07,0.1,0.1,0.2,2,3,0.29394812680115273
339,squirrel,0.01,0.2,40,1e-06,0.1,0.1,0.2,2,3,0.2939481268011528
340,squirrel,0.01,0.2,40,1e-07,0.1,0.1,0.6,2,3,0.2940441882804995
341,squirrel,0.01,0.4,40,1e-07,0.1,0.1,0.4,2,3,0.2940441882804995
342,squirrel,0.01,0.4,40,1e-06,0.1,0.1,0.2,2,3,0.2941402497598463
343,squirrel,0.01,0.4,40,1e-06,0.1,0.1,0.4,2,3,0.2941402497598463
344,squirrel,0.01,0.4,40,0.0001,0.1,0.1,0.4,2,3,0.2942363112391931
345,squirrel,0.01,0.6,40,0.0001,0.1,0.1,0.4,2,3,0.2942363112391931
346,squirrel,0.01,0.4,40,5e-05,0.1,0.1,0.6,2,3,0.29423631123919314
347,squirrel,0.01,0.4,40,0.0001,0.1,0.1,0.8,2,3,0.29433237271853985
348,squirrel,0.01,0.4,40,1e-06,0.1,0.1,0.6,2,3,0.2944284341978866
349,squirrel,0.01,0.4,40,5e-05,0.1,0.1,0.4,2,3,0.29442843419788667
350,squirrel,0.01,0.8,40,5e-05,0.1,0.1,0.2,2,3,0.2945244956772334
351,squirrel,0.01,0.8,40,5e-05,0.1,0.1,0.6,2,3,0.2946205571565802
352,squirrel,0.01,0.4,40,1e-07,0.1,0.1,0.6,2,3,0.29471661863592696
353,squirrel,0.01,0.6,40,0.0001,0.1,0.1,0.8,2,3,0.29500480307396737
354,squirrel,0.01,0.2,40,1e-06,0.1,0.1,0.8,2,3,0.2951008645533141
355,squirrel,0.01,0.6,40,0.0001,0.1,0.1,0.6,2,3,0.2951008645533141
356,squirrel,0.01,0.2,40,1e-07,0.1,0.1,0.8,2,3,0.29510086455331414
357,squirrel,0.01,0.2,40,1e-06,0.1,0.1,0.4,2,3,0.2951969260326609
358,squirrel,0.01,0.8,40,5e-05,0.1,0.1,0.4,2,3,0.2951969260326609
359,squirrel,0.01,0.4,40,0.0001,0.1,0.1,0.6,2,3,0.29538904899135443
360,squirrel,0.01,0.8,40,5e-05,0.1,0.1,0.8,2,3,0.2956772334293948
361,squirrel,0.01,0.6,40,5e-05,0.1,0.1,0.2,2,3,0.2957732949087416
362,squirrel,0.01,0.6,40,5e-05,0.1,0.1,0.8,2,3,0.2957732949087416
363,squirrel,0.01,0.2,40,1e-07,0.1,0.1,0.4,2,3,0.29586935638808837
364,squirrel,0.01,0.4,40,1e-06,0.1,0.1,0.8,2,3,0.2958693563880884
365,squirrel,0.01,0.4,40,1e-07,0.1,0.1,0.8,2,3,0.2959654178674352
366,squirrel,0.01,0.6,40,5e-05,0.1,0.1,0.4,2,3,0.2961575408261288
367,squirrel,0.01,0.6,40,1e-06,0.1,0.1,0.4,2,3,0.2962536023054755
368,squirrel,0.01,0.6,40,1e-06,0.1,0.1,0.6,2,3,0.29644572526416907
369,squirrel,0.01,0.6,40,1e-06,0.1,0.1,0.2,2,3,0.2964457252641691
370,squirrel,0.01,0.6,40,5e-05,0.1,0.1,0.6,2,3,0.29663784822286265
371,squirrel,0.01,0.6,40,1e-07,0.1,0.1,0.4,2,3,0.29673390970220936
372,squirrel,0.01,0.6,40,1e-07,0.1,0.1,0.2,2,3,0.2967339097022094
373,squirrel,0.01,0.6,40,1e-07,0.1,0.1,0.6,2,3,0.29721421709894325
374,squirrel,0.01,0.8,40,1e-06,0.1,0.1,0.4,2,3,0.2972142170989433
375,squirrel,0.01,0.8,40,1e-06,0.1,0.1,0.8,2,3,0.2974063400576369
376,squirrel,0.01,0.8,40,1e-07,0.1,0.1,0.8,2,3,0.29769452449567724
377,squirrel,0.01,0.8,40,1e-07,0.1,0.1,0.4,2,3,0.2976945244956773
378,squirrel,0.01,0.8,40,1e-06,0.1,0.1,0.2,2,3,0.297790585975024
379,squirrel,0.01,0.6,40,1e-06,0.1,0.1,0.8,2,3,0.2979827089337176
380,squirrel,0.01,0.6,40,1e-07,0.1,0.1,0.8,2,3,0.2980787704130644
381,squirrel,0.01,0.8,40,1e-07,0.1,0.1,0.2,2,3,0.2981748318924112
382,squirrel,0.01,0.8,40,1e-06,0.1,0.1,0.6,2,3,0.29855907780979823
383,squirrel,0.01,0.8,40,1e-07,0.1,0.1,0.6,2,3,0.29865513928914506
384,texas,0.05,0.2,40,1e-07,1.0,0.1,0.8,2,3,0.7378378378378379
385,texas,0.05,0.2,40,1e-07,1.0,0.1,0.2,2,3,0.7405405405405405
386,texas,0.05,0.4,40,1e-07,1.0,0.1,0.2,2,3,0.7513513513513513
387,texas,0.05,0.6,40,1e-07,1.0,0.1,0.2,2,3,0.7513513513513513
388,texas,0.05,0.4,40,1e-07,1.0,0.1,0.8,2,3,0.7513513513513514
389,texas,0.05,0.2,40,1e-07,1.0,0.1,0.6,2,3,0.7540540540540539
390,texas,0.05,0.2,40,1e-06,1.0,0.1,0.4,2,3,0.7540540540540541
391,texas,0.05,0.2,40,1e-06,1.0,0.1,0.6,2,3,0.7540540540540541
392,texas,0.05,0.2,40,1e-06,1.0,0.1,0.8,2,3,0.7540540540540541
393,texas,0.05,0.4,40,1e-06,1.0,0.1,0.4,2,3,0.7540540540540541
394,texas,0.05,0.6,40,1e-06,1.0,0.1,0.4,2,3,0.7540540540540541
395,texas,0.05,0.2,40,1e-07,1.0,0.1,0.4,2,3,0.7567567567567568
396,texas,0.05,0.4,40,1e-07,1.0,0.1,0.4,2,3,0.7567567567567568
397,texas,0.05,0.4,40,1e-07,1.0,0.1,0.6,2,3,0.7567567567567568
398,texas,0.05,0.6,40,1e-07,1.0,0.1,0.4,2,3,0.7567567567567568
399,texas,0.05,0.4,40,1e-06,1.0,0.1,0.2,2,3,0.7567567567567568
400,texas,0.05,0.6,40,1e-06,1.0,0.1,0.2,2,3,0.7567567567567568
401,texas,0.05,0.4,40,1e-06,1.0,0.1,0.6,2,3,0.7594594594594594
402,texas,0.05,0.4,40,1e-06,1.0,0.1,0.8,2,3,0.7594594594594594
403,texas,0.05,0.6,40,1e-06,1.0,0.1,0.6,2,3,0.7621621621621621
404,texas,0.05,0.2,40,1e-06,1.0,0.1,0.2,2,3,0.7648648648648649
405,texas,0.05,0.8,40,1e-07,1.0,0.1,0.8,2,3,0.7675675675675676
406,texas,0.05,0.6,40,1e-07,1.0,0.1,0.6,2,3,0.7702702702702703
407,texas,0.05,0.6,40,1e-06,1.0,0.1,0.8,2,3,0.7702702702702703
408,texas,0.05,0.8,40,1e-06,1.0,0.1,0.2,2,3,0.7702702702702703
409,texas,0.05,0.6,40,1e-07,1.0,0.1,0.8,2,3,0.7729729729729728
410,texas,0.05,0.8,40,1e-07,1.0,0.1,0.2,2,3,0.7756756756756757
411,texas,0.05,0.8,40,1e-07,1.0,0.1,0.6,2,3,0.7756756756756757
412,texas,0.05,0.8,40,1e-06,1.0,0.1,0.4,2,3,0.7756756756756757
413,texas,0.05,0.8,40,5e-05,1.0,0.1,0.6,2,3,0.781081081081081
414,texas,0.05,0.8,40,1e-07,1.0,0.1,0.4,2,3,0.7810810810810811
415,texas,0.05,0.8,40,5e-05,1.0,0.1,0.8,2,3,0.7837837837837838
416,texas,0.05,0.8,40,1e-06,1.0,0.1,0.6,2,3,0.783783783783784
417,texas,0.05,0.8,40,1e-06,1.0,0.1,0.8,2,3,0.7864864864864866
418,texas,0.05,0.8,40,5e-05,1.0,0.1,0.2,2,3,0.7918918918918918
419,texas,0.05,0.4,40,0.0001,1.0,0.1,0.4,2,3,0.7945945945945946
420,texas,0.05,0.8,40,0.0001,1.0,0.1,0.2,2,3,0.7945945945945946
421,texas,0.05,0.8,40,0.0001,1.0,0.1,0.8,2,3,0.7972972972972971
422,texas,0.05,0.6,40,0.0001,1.0,0.1,0.2,2,3,0.7999999999999999
423,texas,0.05,0.6,40,0.0001,1.0,0.1,0.4,2,3,0.7999999999999999
424,texas,0.05,0.4,40,0.0001,1.0,0.1,0.6,2,3,0.8027027027027026
425,texas,0.05,0.6,40,5e-05,1.0,0.1,0.8,2,3,0.8054054054054054
426,texas,0.05,0.8,40,5e-05,1.0,0.1,0.4,2,3,0.8054054054054054
427,texas,0.05,0.4,40,0.0001,1.0,0.1,0.2,2,3,0.8054054054054054
428,texas,0.05,0.6,40,0.0001,1.0,0.1,0.6,2,3,0.8054054054054054
429,texas,0.05,0.4,40,5e-05,1.0,0.1,0.8,2,3,0.8081081081081081
430,texas,0.05,0.6,40,5e-05,1.0,0.1,0.2,2,3,0.8081081081081081
431,texas,0.05,0.6,40,5e-05,1.0,0.1,0.4,2,3,0.8081081081081081
432,texas,0.05,0.6,40,0.0001,1.0,0.1,0.8,2,3,0.8081081081081081
433,texas,0.05,0.8,40,0.0001,1.0,0.1,0.6,2,3,0.8081081081081081
434,texas,0.05,0.6,40,5e-05,1.0,0.1,0.6,2,3,0.8081081081081083
435,texas,0.05,0.4,40,0.0001,1.0,0.1,0.8,2,3,0.8108108108108109
436,texas,0.05,0.8,40,0.0001,1.0,0.1,0.4,2,3,0.8108108108108109
437,texas,0.05,0.4,40,5e-05,1.0,0.1,0.2,2,3,0.8135135135135135
438,texas,0.05,0.4,40,5e-05,1.0,0.1,0.4,2,3,0.8135135135135135
439,texas,0.05,0.4,40,5e-05,1.0,0.1,0.6,2,3,0.8135135135135135
440,texas,0.05,0.2,40,0.0001,1.0,0.1,0.2,2,3,0.8162162162162161
441,texas,0.05,0.2,40,5e-05,1.0,0.1,0.4,2,3,0.8189189189189188
442,texas,0.05,0.2,40,5e-05,1.0,0.1,0.6,2,3,0.818918918918919
443,texas,0.05,0.2,40,5e-05,1.0,0.1,0.8,2,3,0.818918918918919
444,texas,0.05,0.2,40,0.0001,1.0,0.1,0.6,2,3,0.818918918918919
445,texas,0.05,0.2,40,0.0001,1.0,0.1,0.4,2,3,0.8216216216216216
446,texas,0.05,0.2,40,0.0001,1.0,0.1,0.8,2,3,0.8216216216216216
447,texas,0.05,0.2,40,5e-05,1.0,0.1,0.2,2,3,0.827027027027027
448,wisconsin,0.05,0.4,40,1e-06,1.0,0.1,0.4,2,3,0.8
449,wisconsin,0.05,0.2,40,1e-06,1.0,0.1,0.4,2,3,0.8019607843137255
450,wisconsin,0.05,0.2,40,1e-07,1.0,0.1,0.2,2,3,0.803921568627451
451,wisconsin,0.05,0.2,40,1e-07,1.0,0.1,0.4,2,3,0.803921568627451
452,wisconsin,0.05,0.2,40,1e-07,1.0,0.1,0.6,2,3,0.8058823529411765
453,wisconsin,0.05,0.4,40,1e-07,1.0,0.1,0.2,2,3,0.8058823529411765
454,wisconsin,0.05,0.4,40,1e-07,1.0,0.1,0.4,2,3,0.8058823529411765
455,wisconsin,0.05,0.2,40,1e-06,1.0,0.1,0.8,2,3,0.8058823529411765
456,wisconsin,0.05,0.4,40,1e-06,1.0,0.1,0.2,2,3,0.8058823529411765
457,wisconsin,0.05,0.6,40,1e-06,1.0,0.1,0.8,2,3,0.8058823529411765
458,wisconsin,0.05,0.2,40,1e-07,1.0,0.1,0.8,2,3,0.807843137254902
459,wisconsin,0.05,0.2,40,1e-06,1.0,0.1,0.2,2,3,0.807843137254902
460,wisconsin,0.05,0.2,40,1e-06,1.0,0.1,0.6,2,3,0.807843137254902
461,wisconsin,0.05,0.6,40,1e-06,1.0,0.1,0.6,2,3,0.8098039215686275
462,wisconsin,0.05,0.6,40,1e-07,1.0,0.1,0.4,2,3,0.8117647058823529
463,wisconsin,0.05,0.6,40,1e-07,1.0,0.1,0.6,2,3,0.8117647058823529
464,wisconsin,0.05,0.4,40,1e-06,1.0,0.1,0.6,2,3,0.8117647058823529
465,wisconsin,0.05,0.6,40,1e-07,1.0,0.1,0.8,2,3,0.8137254901960784
466,wisconsin,0.05,0.6,40,1e-06,1.0,0.1,0.4,2,3,0.8137254901960784
467,wisconsin,0.05,0.4,40,1e-07,1.0,0.1,0.6,2,3,0.8156862745098039
468,wisconsin,0.05,0.8,40,1e-07,1.0,0.1,0.8,2,3,0.8156862745098039
469,wisconsin,0.05,0.6,40,1e-06,1.0,0.1,0.2,2,3,0.8156862745098039
470,wisconsin,0.05,0.4,40,1e-07,1.0,0.1,0.8,2,3,0.8176470588235294
471,wisconsin,0.05,0.4,40,1e-06,1.0,0.1,0.8,2,3,0.8176470588235294
472,wisconsin,0.05,0.6,40,1e-07,1.0,0.1,0.2,2,3,0.8196078431372549
473,wisconsin,0.05,0.8,40,1e-07,1.0,0.1,0.4,2,3,0.8196078431372549
474,wisconsin,0.05,0.8,40,1e-07,1.0,0.1,0.6,2,3,0.8196078431372549
475,wisconsin,0.05,0.8,40,1e-06,1.0,0.1,0.6,2,3,0.8196078431372549
476,wisconsin,0.05,0.8,40,1e-06,1.0,0.1,0.8,2,3,0.8196078431372549
477,wisconsin,0.05,0.8,40,1e-06,1.0,0.1,0.4,2,3,0.8215686274509804
478,wisconsin,0.05,0.8,40,1e-07,1.0,0.1,0.2,2,3,0.8235294117647058
479,wisconsin,0.05,0.8,40,1e-06,1.0,0.1,0.2,2,3,0.8313725490196078
480,wisconsin,0.05,0.6,40,0.0001,1.0,0.1,0.2,2,3,0.8352941176470587
481,wisconsin,0.05,0.6,40,0.0001,1.0,0.1,0.4,2,3,0.8372549019607842
482,wisconsin,0.05,0.6,40,0.0001,1.0,0.1,0.8,2,3,0.8392156862745097
483,wisconsin,0.05,0.6,40,5e-05,1.0,0.1,0.2,2,3,0.8431372549019607
484,wisconsin,0.05,0.2,40,0.0001,1.0,0.1,0.4,2,3,0.8431372549019607
485,wisconsin,0.05,0.6,40,0.0001,1.0,0.1,0.6,2,3,0.8431372549019607
486,wisconsin,0.05,0.2,40,5e-05,1.0,0.1,0.2,2,3,0.8450980392156862
487,wisconsin,0.05,0.4,40,5e-05,1.0,0.1,0.2,2,3,0.8450980392156862
488,wisconsin,0.05,0.6,40,5e-05,1.0,0.1,0.4,2,3,0.8450980392156862
489,wisconsin,0.05,0.4,40,5e-05,1.0,0.1,0.6,2,3,0.8450980392156863
490,wisconsin,0.05,0.2,40,0.0001,1.0,0.1,0.2,2,3,0.8470588235294116
491,wisconsin,0.05,0.8,40,0.0001,1.0,0.1,0.4,2,3,0.8470588235294116
492,wisconsin,0.05,0.8,40,0.0001,1.0,0.1,0.8,2,3,0.8470588235294116
493,wisconsin,0.05,0.6,40,5e-05,1.0,0.1,0.6,2,3,0.8470588235294118
494,wisconsin,0.05,0.6,40,5e-05,1.0,0.1,0.8,2,3,0.8490196078431371
495,wisconsin,0.05,0.8,40,0.0001,1.0,0.1,0.2,2,3,0.8490196078431371
496,wisconsin,0.05,0.8,40,0.0001,1.0,0.1,0.6,2,3,0.8490196078431371
497,wisconsin,0.05,0.2,40,5e-05,1.0,0.1,0.4,2,3,0.8490196078431372
498,wisconsin,0.05,0.4,40,5e-05,1.0,0.1,0.8,2,3,0.8490196078431372
499,wisconsin,0.05,0.4,40,0.0001,1.0,0.1,0.4,2,3,0.8490196078431372
500,wisconsin,0.05,0.4,40,0.0001,1.0,0.1,0.8,2,3,0.8490196078431372
501,wisconsin,0.05,0.8,40,5e-05,1.0,0.1,0.8,2,3,0.8509803921568626
502,wisconsin,0.05,0.4,40,0.0001,1.0,0.1,0.2,2,3,0.8509803921568626
503,wisconsin,0.05,0.2,40,5e-05,1.0,0.1,0.6,2,3,0.8509803921568627
504,wisconsin,0.05,0.2,40,0.0001,1.0,0.1,0.6,2,3,0.8509803921568627
505,wisconsin,0.05,0.8,40,5e-05,1.0,0.1,0.2,2,3,0.8529411764705881
506,wisconsin,0.05,0.2,40,5e-05,1.0,0.1,0.8,2,3,0.8529411764705882
507,wisconsin,0.05,0.4,40,5e-05,1.0,0.1,0.4,2,3,0.8529411764705882
508,wisconsin,0.05,0.2,40,0.0001,1.0,0.1,0.8,2,3,0.8549019607843136
509,wisconsin,0.05,0.4,40,0.0001,1.0,0.1,0.6,2,3,0.8568627450980392
510,wisconsin,0.05,0.8,40,5e-05,1.0,0.1,0.6,2,3,0.8607843137254901
511,wisconsin,0.05,0.8,40,5e-05,1.0,0.1,0.4,2,3,0.8627450980392156
